material,core,parity,seed,delta,norm_T,norm_T_std,spacegroup
TiO2,allegro,o3,0,0.0,1.5451011847744667e-07,0.0,136
TiO2,allegro,o3,0,0.001,0.00033154047559946775,0.0,102
TiO2,allegro,o3,0,0.0017492711874398425,0.0005795391625724733,0.0,102
TiO2,allegro,o3,0,0.0030599496872071963,0.001013608300127089,0.0,102
TiO2,allegro,o3,0,0.005352681822847106,0.001773505238816142,0.0,102
TiO2,allegro,o3,0,0.009363292088239416,0.0031025735661387444,0.0,102
TiO2,allegro,o3,0,0.016378937069540637,0.0054280804470181465,0.0,102
TiO2,allegro,o3,0,0.028651202696637804,0.00949771422892809,0.0,102
TiO2,allegro,o3,0,0.05,0.016589518636465073,0.0,102
TiO2,allegro,o3,0,0.05011872336272722,0.016629114747047424,0.0,102
TiO2,allegro,o3,0,0.1,0.03331302851438522,0.0,102
TiO2,allegro,o3,0,0.15,0.05030633136630058,0.0,102
TiO2,allegro,o3,0,0.2,0.06771362572908401,0.0,102
TiO2,allegro,o3,0,0.25,0.08568448573350906,0.0,102
TiO2,allegro,o3,0,0.3,0.10437917709350586,0.0,102
TiO2,allegro,o3,0,0.35,0.12396460771560669,0.0,102
TiO2,allegro,o3,0,0.39999999999999997,0.1446162611246109,0.0,102
TiO2,allegro,o3,0,0.44999999999999996,0.1665107011795044,0.0,102
TiO2,allegro,o3,0,0.49999999999999994,0.18982256948947906,0.0,102
TiO2,allegro,o3,0,0.5499999999999999,0.21471941471099854,0.0,102
TiO2,allegro,o3,0,0.6,0.24135446548461914,0.0,102
TiO2,allegro,o3,0,0.65,0.26985716819763184,0.0,102
TiO2,allegro,o3,0,0.7,0.30032867193222046,0.0,102
TiO2,allegro,o3,0,0.75,0.3328341841697693,0.0,102
TiO2,allegro,o3,0,0.7999999999999999,0.3673933446407318,0.0,102
TiO2,allegro,o3,0,0.85,0.40398165583610535,0.0,102
TiO2,allegro,o3,0,0.9,0.44251492619514465,0.0,102
TiO2,allegro,o3,0,0.95,0.4828571677207947,0.0,102
TiO2,allegro,o3,0,1.0,0.5248122811317444,0.0,102
TiO2,allegro,o3,0,1.0499999999999998,0.5681244134902954,0.0,102
TiO2,allegro,o3,0,1.0999999999999999,0.6124844551086426,0.0,102
TiO2,allegro,o3,0,1.15,0.6575252413749695,0.0,102
TiO2,allegro,o3,0,1.2,0.702833354473114,0.0,102
TiO2,allegro,o3,1,0.0,2.4677163423802995e-07,0.0,136
TiO2,allegro,o3,1,0.001,0.00032908556750044227,0.0,102
TiO2,allegro,o3,1,0.0017492711874398425,0.0005752599099650979,0.0,102
TiO2,allegro,o3,1,0.0030599496872071963,0.0010053900768980384,0.0,102
TiO2,allegro,o3,1,0.005352681822847106,0.0017589724157005548,0.0,102
TiO2,allegro,o3,1,0.009363292088239416,0.0030778113286942244,0.0,102
TiO2,allegro,o3,1,0.016378937069540637,0.005383188836276531,0.0,102
TiO2,allegro,o3,1,0.028651202696637804,0.009413150139153004,0.0,102
TiO2,allegro,o3,1,0.05,0.016414448618888855,0.0,102
TiO2,allegro,o3,1,0.05011872336272722,0.016452662646770477,0.0,102
TiO2,allegro,o3,1,0.1,0.032705940306186676,0.0,102
TiO2,allegro,o3,1,0.15,0.04875630885362625,0.0,102
TiO2,allegro,o3,1,0.2,0.06444952636957169,0.0,102
TiO2,allegro,o3,1,0.25,0.07967208325862885,0.0,102
TiO2,allegro,o3,1,0.3,0.09432283788919449,0.0,102
TiO2,allegro,o3,1,0.35,0.1083061546087265,0.0,102
TiO2,allegro,o3,1,0.39999999999999997,0.12153854221105576,0.0,102
TiO2,allegro,o3,1,0.44999999999999996,0.13394957780838013,0.0,102
TiO2,allegro,o3,1,0.49999999999999994,0.14548277854919434,0.0,102
TiO2,allegro,o3,1,0.5499999999999999,0.15609948337078094,0.0,102
TiO2,allegro,o3,1,0.6,0.16577664017677307,0.0,102
TiO2,allegro,o3,1,0.65,0.1745140552520752,0.0,102
TiO2,allegro,o3,1,0.7,0.18233220279216766,0.0,102
TiO2,allegro,o3,1,0.75,0.18927130103111267,0.0,102
TiO2,allegro,o3,1,0.7999999999999999,0.1953989863395691,0.0,102
TiO2,allegro,o3,1,0.85,0.20080235600471497,0.0,102
TiO2,allegro,o3,1,0.9,0.2055966705083847,0.0,102
TiO2,allegro,o3,1,0.95,0.20991474390029907,0.0,102
TiO2,allegro,o3,1,1.0,0.21390727162361145,0.0,102
TiO2,allegro,o3,1,1.0499999999999998,0.2177429348230362,0.0,102
TiO2,allegro,o3,1,1.0999999999999999,0.22159500420093536,0.0,102
TiO2,allegro,o3,1,1.15,0.22564180195331573,0.0,102
TiO2,allegro,o3,1,1.2,0.23004940152168274,0.0,102
TiO2,allegro,o3,2,0.0,3.950999882817996e-07,0.0,136
TiO2,allegro,o3,2,0.001,0.002442068187519908,0.0,102
TiO2,allegro,o3,2,0.0017492711874398425,0.004270919598639011,0.0,102
TiO2,allegro,o3,2,0.0030599496872071963,0.0074703991413116455,0.0,102
TiO2,allegro,o3,2,0.005352681822847106,0.013068263418972492,0.0,102
TiO2,allegro,o3,2,0.009363292088239416,0.022859366610646248,0.0,102
TiO2,allegro,o3,2,0.016378937069540637,0.03998523950576782,0.0,102
TiO2,allegro,o3,2,0.028651202696637804,0.06993577629327774,0.0,102
TiO2,allegro,o3,2,0.05,0.12200134247541428,0.0,102
TiO2,allegro,o3,2,0.05011872336272722,0.12229165434837341,0.0,102
TiO2,allegro,o3,2,0.1,0.24359247088432312,0.0,102
TiO2,allegro,o3,2,0.15,0.3643670082092285,0.0,102
TiO2,allegro,o3,2,0.2,0.4839319884777069,0.0,102
TiO2,allegro,o3,2,0.25,0.6019033193588257,0.0,102
TiO2,allegro,o3,2,0.3,0.7179237604141235,0.0,102
TiO2,allegro,o3,2,0.35,0.8316534757614136,0.0,102
TiO2,allegro,o3,2,0.39999999999999997,0.9427832961082458,0.0,102
TiO2,allegro,o3,2,0.44999999999999996,1.0510284900665283,0.0,102
TiO2,allegro,o3,2,0.49999999999999994,1.1561386585235596,0.0,102
TiO2,allegro,o3,2,0.5499999999999999,1.2578898668289185,0.0,102
TiO2,allegro,o3,2,0.6,1.3560974597930908,0.0,102
TiO2,allegro,o3,2,0.65,1.4505972862243652,0.0,102
TiO2,allegro,o3,2,0.7,1.5412602424621582,0.0,102
TiO2,allegro,o3,2,0.75,1.6279844045639038,0.0,102
TiO2,allegro,o3,2,0.7999999999999999,1.710689902305603,0.0,102
TiO2,allegro,o3,2,0.85,1.789319396018982,0.0,102
TiO2,allegro,o3,2,0.9,1.8638298511505127,0.0,102
TiO2,allegro,o3,2,0.95,1.9341989755630493,0.0,102
TiO2,allegro,o3,2,1.0,2.000412702560425,0.0,102
TiO2,allegro,o3,2,1.0499999999999998,2.0624639987945557,0.0,102
TiO2,allegro,o3,2,1.0999999999999999,2.1203455924987793,0.0,102
TiO2,allegro,o3,2,1.15,2.1740550994873047,0.0,102
TiO2,allegro,o3,2,1.2,2.2235872745513916,0.0,102
TiO2,allegro,so3,0,0.0,0.3228837847709656,0.0,136
TiO2,allegro,so3,0,0.001,0.32288527488708496,0.0,102
TiO2,allegro,so3,0,0.0017492711874398425,0.32288703322410583,0.0,102
TiO2,allegro,so3,0,0.0030599496872071963,0.3228931725025177,0.0,102
TiO2,allegro,so3,0,0.005352681822847106,0.32291293144226074,0.0,102
TiO2,allegro,so3,0,0.009363292088239416,0.3229723572731018,0.0,102
TiO2,allegro,so3,0,0.016378937069540637,0.32315394282341003,0.0,102
TiO2,allegro,so3,0,0.028651202696637804,0.32370853424072266,0.0,102
TiO2,allegro,so3,0,0.05,0.32538655400276184,0.0,102
TiO2,allegro,so3,0,0.05011872336272722,0.3253982365131378,0.0,102
TiO2,allegro,so3,0,0.1,0.33273226022720337,0.0,102
TiO2,allegro,so3,0,0.15,0.34447601437568665,0.0,102
TiO2,allegro,so3,0,0.2,0.3599729835987091,0.0,102
TiO2,allegro,so3,0,0.25,0.37848830223083496,0.0,102
TiO2,allegro,so3,0,0.3,0.39928290247917175,0.0,102
TiO2,allegro,so3,0,0.35,0.42167091369628906,0.0,102
TiO2,allegro,so3,0,0.39999999999999997,0.4450525939464569,0.0,102
TiO2,allegro,so3,0,0.44999999999999996,0.4689196050167084,0.0,102
TiO2,allegro,so3,0,0.49999999999999994,0.49285855889320374,0.0,102
TiO2,allegro,so3,0,0.5499999999999999,0.5165469646453857,0.0,102
TiO2,allegro,so3,0,0.6,0.5397430062294006,0.0,102
TiO2,allegro,so3,0,0.65,0.5622857213020325,0.0,102
TiO2,allegro,so3,0,0.7,0.5840871334075928,0.0,102
TiO2,allegro,so3,0,0.75,0.6051376461982727,0.0,102
TiO2,allegro,so3,0,0.7999999999999999,0.6254916191101074,0.0,102
TiO2,allegro,so3,0,0.85,0.645275890827179,0.0,102
TiO2,allegro,so3,0,0.9,0.6646889448165894,0.0,102
TiO2,allegro,so3,0,0.95,0.6839891672134399,0.0,102
TiO2,allegro,so3,0,1.0,0.7035034894943237,0.0,102
TiO2,allegro,so3,0,1.0499999999999998,0.7236024141311646,0.0,102
TiO2,allegro,so3,0,1.0999999999999999,0.7447096109390259,0.0,102
TiO2,allegro,so3,0,1.15,0.7672740817070007,0.0,102
TiO2,allegro,so3,0,1.2,0.7917645573616028,0.0,102
TiO2,allegro,so3,1,0.0,0.16803234815597534,0.0,136
TiO2,allegro,so3,1,0.001,0.16803491115570068,0.0,102
TiO2,allegro,so3,1,0.0017492711874398425,0.1680392026901245,0.0,102
TiO2,allegro,so3,1,0.0030599496872071963,0.16805239021778107,0.0,102
TiO2,allegro,so3,1,0.005352681822847106,0.16809315979480743,0.0,102
TiO2,allegro,so3,1,0.009363292088239416,0.16821753978729248,0.0,102
TiO2,allegro,so3,1,0.016378937069540637,0.168597012758255,0.0,102
TiO2,allegro,so3,1,0.028651202696637804,0.16975274682044983,0.0,102
TiO2,allegro,so3,1,0.05,0.17321369051933289,0.0,102
TiO2,allegro,so3,1,0.05011872336272722,0.17323799431324005,0.0,102
TiO2,allegro,so3,1,0.1,0.18782271444797516,0.0,102
TiO2,allegro,so3,1,0.15,0.20968884229660034,0.0,102
TiO2,allegro,so3,1,0.2,0.2365054041147232,0.0,102
TiO2,allegro,so3,1,0.25,0.2664101719856262,0.0,102
TiO2,allegro,so3,1,0.3,0.2980615496635437,0.0,102
TiO2,allegro,so3,1,0.35,0.3305201530456543,0.0,102
TiO2,allegro,so3,1,0.39999999999999997,0.36311766505241394,0.0,102
TiO2,allegro,so3,1,0.44999999999999996,0.3953686058521271,0.0,102
TiO2,allegro,so3,1,0.49999999999999994,0.4269053339958191,0.0,102
TiO2,allegro,so3,1,0.5499999999999999,0.4574434161186218,0.0,102
TiO2,allegro,so3,1,0.6,0.48675891757011414,0.0,102
TiO2,allegro,so3,1,0.65,0.5146710872650146,0.0,102
TiO2,allegro,so3,1,0.7,0.5410365462303162,0.0,102
TiO2,allegro,so3,1,0.75,0.5657389163970947,0.0,102
TiO2,allegro,so3,1,0.7999999999999999,0.5886895060539246,0.0,102
TiO2,allegro,so3,1,0.85,0.609820544719696,0.0,102
TiO2,allegro,so3,1,0.9,0.6290870308876038,0.0,102
TiO2,allegro,so3,1,0.95,0.6464625000953674,0.0,102
TiO2,allegro,so3,1,1.0,0.661939263343811,0.0,102
TiO2,allegro,so3,1,1.0499999999999998,0.6755335927009583,0.0,102
TiO2,allegro,so3,1,1.0999999999999999,0.6872742176055908,0.0,102
TiO2,allegro,so3,1,1.15,0.697216272354126,0.0,102
TiO2,allegro,so3,1,1.2,0.7054317593574524,0.0,102
TiO2,allegro,so3,2,0.0,0.35650405287742615,0.0,136
TiO2,allegro,so3,2,0.001,0.3565065562725067,0.0,102
TiO2,allegro,so3,2,0.0017492711874398425,0.3565117120742798,0.0,102
TiO2,allegro,so3,2,0.0030599496872071963,0.3565281331539154,0.0,102
TiO2,allegro,so3,2,0.005352681822847106,0.3565766215324402,0.0,102
TiO2,allegro,so3,2,0.009363292088239416,0.3567264676094055,0.0,102
TiO2,allegro,so3,2,0.016378937069540637,0.3571850657463074,0.0,102
TiO2,allegro,so3,2,0.028651202696637804,0.35858264565467834,0.0,102
TiO2,allegro,so3,2,0.05,0.36278945207595825,0.0,102
TiO2,allegro,so3,2,0.05011872336272722,0.3628185987472534,0.0,102
TiO2,allegro,so3,2,0.1,0.3808787763118744,0.0,102
TiO2,allegro,so3,2,0.15,0.4088115990161896,0.0,102
TiO2,allegro,so3,2,0.2,0.44414302706718445,0.0,102
TiO2,allegro,so3,2,0.25,0.4845239520072937,0.0,102
TiO2,allegro,so3,2,0.3,0.5279784798622131,0.0,102
TiO2,allegro,so3,2,0.35,0.5729422569274902,0.0,102
TiO2,allegro,so3,2,0.39999999999999997,0.6182125210762024,0.0,102
TiO2,allegro,so3,2,0.44999999999999996,0.662880003452301,0.0,102
TiO2,allegro,so3,2,0.49999999999999994,0.7062534093856812,0.0,102
TiO2,allegro,so3,2,0.5499999999999999,0.7478193044662476,0.0,102
TiO2,allegro,so3,2,0.6,0.7872030138969421,0.0,102
TiO2,allegro,so3,2,0.65,0.8241481184959412,0.0,102
TiO2,allegro,so3,2,0.7,0.8584926724433899,0.0,102
TiO2,allegro,so3,2,0.75,0.890157163143158,0.0,102
TiO2,allegro,so3,2,0.7999999999999999,0.9191383123397827,0.0,102
TiO2,allegro,so3,2,0.85,0.945491373538971,0.0,102
TiO2,allegro,so3,2,0.9,0.9693279266357422,0.0,102
TiO2,allegro,so3,2,0.95,0.9908071756362915,0.0,102
TiO2,allegro,so3,2,1.0,1.0101262331008911,0.0,102
TiO2,allegro,so3,2,1.0499999999999998,1.0275110006332397,0.0,102
TiO2,allegro,so3,2,1.0999999999999999,1.0432171821594238,0.0,102
TiO2,allegro,so3,2,1.15,1.0575083494186401,0.0,102
TiO2,allegro,so3,2,1.2,1.0706617832183838,0.0,102
TiO2,equiformer_v2,so3,0,0.0,0.05894696877517569,0.002247328949808888,136
TiO2,equiformer_v2,so3,0,0.001,0.057775661423615995,0.0018769393809387077,102
TiO2,equiformer_v2,so3,0,0.0017492711874398425,0.05705264393349074,0.0019325246056305183,102
TiO2,equiformer_v2,so3,0,0.0030599496872071963,0.05831438191638213,0.002228588681848406,102
TiO2,equiformer_v2,so3,0,0.005352681822847106,0.06013854760146905,0.004626794357525664,102
TiO2,equiformer_v2,so3,0,0.009363292088239416,0.0638034735972551,0.002018771811733244,102
TiO2,equiformer_v2,so3,0,0.016378937069540637,0.07865386727578816,0.0045602140829817655,102
TiO2,equiformer_v2,so3,0,0.028651202696637804,0.10969548628715182,0.00424796612179335,102
TiO2,equiformer_v2,so3,0,0.05,0.16715835897610357,0.0036326656798438993,102
TiO2,equiformer_v2,so3,0,0.05011872336272722,0.16841536045220334,0.0017944183953320907,102
TiO2,equiformer_v2,so3,0,0.1,0.32457552659889183,0.0028789708352620798,102
TiO2,equiformer_v2,so3,0,0.15,0.4689782636604575,0.0045524019999664146,102
TiO2,equiformer_v2,so3,0,0.2,0.6147435829089044,0.002727870614020617,102
TiO2,equiformer_v2,so3,0,0.25,0.7583098254711607,0.005339646784147962,102
TiO2,equiformer_v2,so3,0,0.3,0.9057911914870624,0.006109021537287213,102
TiO2,equiformer_v2,so3,0,0.35,1.044764890860681,0.0029669682432358372,102
TiO2,equiformer_v2,so3,0,0.39999999999999997,1.1854885664433392,0.007501894525046858,102
TiO2,equiformer_v2,so3,0,0.44999999999999996,1.3142150940330883,0.004933519438875894,102
TiO2,equiformer_v2,so3,0,0.49999999999999994,1.4510997229231448,0.005892739383316865,102
TiO2,equiformer_v2,so3,0,0.5499999999999999,1.5791616884691322,0.004526655826216333,102
TiO2,equiformer_v2,so3,0,0.6,1.7072809568462914,0.0019719372305635877,102
TiO2,equiformer_v2,so3,0,0.65,1.8364808283236307,0.004670644334597742,102
TiO2,equiformer_v2,so3,0,0.7,1.9626658700193764,0.004751192419839484,102
TiO2,equiformer_v2,so3,0,0.75,2.08143876391529,0.006078131276687199,102
TiO2,equiformer_v2,so3,0,0.7999999999999999,2.195591583695564,0.004703487213677542,102
TiO2,equiformer_v2,so3,0,0.85,2.2970283265759113,0.0021558964873535885,102
TiO2,equiformer_v2,so3,0,0.9,2.3993025845808136,0.006192390412956282,102
TiO2,equiformer_v2,so3,0,0.95,2.4955565950931438,0.0010974670816958098,102
TiO2,equiformer_v2,so3,0,1.0,2.5828113437935984,0.004784592020374558,102
TiO2,equiformer_v2,so3,0,1.0499999999999998,2.6671372524627732,0.0032600720482889897,102
TiO2,equiformer_v2,so3,0,1.0999999999999999,2.7390252754766635,0.00883607183225602,102
TiO2,equiformer_v2,so3,0,1.15,2.810470815363068,0.004705211361958999,102
TiO2,equiformer_v2,so3,0,1.2,2.8811250810852367,0.0022555888601566198,102
TiO2,equiformer_v2,so3,1,0.0,0.1507308905654857,0.0013122095188161365,136
TiO2,equiformer_v2,so3,1,0.001,0.14957008618616613,0.001908598972785603,102
TiO2,equiformer_v2,so3,1,0.0017492711874398425,0.15122805084251773,0.002747752446002517,102
TiO2,equiformer_v2,so3,1,0.0030599496872071963,0.15053656796876264,0.0027068196637988367,102
TiO2,equiformer_v2,so3,1,0.005352681822847106,0.15207354184896918,0.003333655189790065,102
TiO2,equiformer_v2,so3,1,0.009363292088239416,0.15395736515849728,0.00402906457798215,102
TiO2,equiformer_v2,so3,1,0.016378937069540637,0.15016023100902137,0.003239899274762772,102
TiO2,equiformer_v2,so3,1,0.028651202696637804,0.15246909101436096,0.002407718262114564,102
TiO2,equiformer_v2,so3,1,0.05,0.15621166489407476,0.00327774536671745,102
TiO2,equiformer_v2,so3,1,0.05011872336272722,0.15562765068256587,0.00216592993993867,102
TiO2,equiformer_v2,so3,1,0.1,0.17730942119319096,0.006564350453547166,102
TiO2,equiformer_v2,so3,1,0.15,0.20829426618298497,0.009231942074890207,102
TiO2,equiformer_v2,so3,1,0.2,0.2486063687156766,0.005993009224446666,102
TiO2,equiformer_v2,so3,1,0.25,0.2834262354045297,0.0017855269660442818,102
TiO2,equiformer_v2,so3,1,0.3,0.332971098180181,0.0048586823351175566,102
TiO2,equiformer_v2,so3,1,0.35,0.38625648592770745,0.013803056903676095,102
TiO2,equiformer_v2,so3,1,0.39999999999999997,0.4444620279387147,0.0045031669633715625,102
TiO2,equiformer_v2,so3,1,0.44999999999999996,0.5057494804638842,0.0066504531836975534,102
TiO2,equiformer_v2,so3,1,0.49999999999999994,0.5653336422825281,0.00817522567575749,102
TiO2,equiformer_v2,so3,1,0.5499999999999999,0.625202319607582,0.004742531727115059,102
TiO2,equiformer_v2,so3,1,0.6,0.6886668338865206,0.008345617435325511,102
TiO2,equiformer_v2,so3,1,0.65,0.7441603306687343,0.007866154224841958,102
TiO2,equiformer_v2,so3,1,0.7,0.8098675634398624,0.007016524276207117,102
TiO2,equiformer_v2,so3,1,0.75,0.8800689618763256,0.008071882690881261,102
TiO2,equiformer_v2,so3,1,0.7999999999999999,0.9460195515288354,0.002882172422460857,102
TiO2,equiformer_v2,so3,1,0.85,1.0097173896798644,0.010306546639591116,102
TiO2,equiformer_v2,so3,1,0.9,1.0706424630635871,0.00643895451147165,102
TiO2,equiformer_v2,so3,1,0.95,1.1376106365215872,0.009386327638613887,102
TiO2,equiformer_v2,so3,1,1.0,1.192178754706671,0.007183811309866807,102
TiO2,equiformer_v2,so3,1,1.0499999999999998,1.2366155972177495,0.008107514719200492,102
TiO2,equiformer_v2,so3,1,1.0999999999999999,1.2868405860440042,0.004152656048382758,102
TiO2,equiformer_v2,so3,1,1.15,1.326384175073152,0.0046644189096537335,102
TiO2,equiformer_v2,so3,1,1.2,1.3747091754450742,0.0037879526507609068,102
TiO2,equiformer_v2,so3,2,0.0,0.06675680916179327,0.00042595214129704227,136
TiO2,equiformer_v2,so3,2,0.001,0.06616568586378475,0.0012612426662703571,102
TiO2,equiformer_v2,so3,2,0.0017492711874398425,0.06588922615407014,0.0015220995922312105,102
TiO2,equiformer_v2,so3,2,0.0030599496872071963,0.06634935265126281,0.0012737077470518436,102
TiO2,equiformer_v2,so3,2,0.005352681822847106,0.06598312059842237,0.0016453122739954744,102
TiO2,equiformer_v2,so3,2,0.009363292088239416,0.06603491354563677,0.0006151386530376628,102
TiO2,equiformer_v2,so3,2,0.016378937069540637,0.06676017486358125,0.0006075631121413095,102
TiO2,equiformer_v2,so3,2,0.028651202696637804,0.06711063742780896,0.0017366404867390293,102
TiO2,equiformer_v2,so3,2,0.05,0.06722617401177612,0.001501153874676966,102
TiO2,equiformer_v2,so3,2,0.05011872336272722,0.06626497160223296,0.0014918619823018897,102
TiO2,equiformer_v2,so3,2,0.1,0.06601067445086164,0.0020493089380185002,102
TiO2,equiformer_v2,so3,2,0.15,0.06681860142980275,0.0017122499427957827,102
TiO2,equiformer_v2,so3,2,0.2,0.06644193727287219,0.0022544663308396427,102
TiO2,equiformer_v2,so3,2,0.25,0.07149882362740943,0.0019018336525281746,102
TiO2,equiformer_v2,so3,2,0.3,0.07820364089848887,0.0022083043464514508,102
TiO2,equiformer_v2,so3,2,0.35,0.08806206838664564,0.00616568384408153,102
TiO2,equiformer_v2,so3,2,0.39999999999999997,0.10130983224463783,0.003534842062472544,102
TiO2,equiformer_v2,so3,2,0.44999999999999996,0.11731628845827072,0.0024793896377457263,102
TiO2,equiformer_v2,so3,2,0.49999999999999994,0.14048948438245548,0.0030743292880971757,102
TiO2,equiformer_v2,so3,2,0.5499999999999999,0.16360615054118477,0.004615910559292042,102
TiO2,equiformer_v2,so3,2,0.6,0.18941410873321746,0.005179494906000273,102
TiO2,equiformer_v2,so3,2,0.65,0.21144700609642636,0.004691084642557125,102
TiO2,equiformer_v2,so3,2,0.7,0.24302731916448295,0.003422747631173628,102
TiO2,equiformer_v2,so3,2,0.75,0.2714644759480075,0.0032331476756094256,102
TiO2,equiformer_v2,so3,2,0.7999999999999999,0.3019822206701973,0.0019859180459468684,102
TiO2,equiformer_v2,so3,2,0.85,0.3357868743978841,0.0037601830712756094,102
TiO2,equiformer_v2,so3,2,0.9,0.3679752938188369,0.003975067618277837,102
TiO2,equiformer_v2,so3,2,0.95,0.39937014790870384,0.003701652306391361,102
TiO2,equiformer_v2,so3,2,1.0,0.43200815824487104,0.002106849848400253,102
TiO2,equiformer_v2,so3,2,1.0499999999999998,0.4649163766815553,0.002061093323364246,102
TiO2,equiformer_v2,so3,2,1.0999999999999999,0.4969087065945111,0.004683670420314936,102
TiO2,equiformer_v2,so3,2,1.15,0.5300320538097834,0.0016442910208105835,102
TiO2,equiformer_v2,so3,2,1.2,0.5610771530990454,0.005106213076979567,102
TiO2,nequip,o3,0,0.0,2.3459450915197522e-07,0.0,136
TiO2,nequip,o3,0,0.001,0.0008469165186397731,0.0,102
TiO2,nequip,o3,0,0.0017492711874398425,0.0014817150076851249,0.0,102
TiO2,nequip,o3,0,0.0030599496872071963,0.002591689582914114,0.0,102
TiO2,nequip,o3,0,0.005352681822847106,0.004533486440777779,0.0,102
TiO2,nequip,o3,0,0.009363292088239416,0.007930293679237366,0.0,102
TiO2,nequip,o3,0,0.016378937069540637,0.013871760107576847,0.0,102
TiO2,nequip,o3,0,0.028651202696637804,0.024263430386781693,0.0,102
TiO2,nequip,o3,0,0.05,0.04233139753341675,0.0,102
TiO2,nequip,o3,0,0.05011872336272722,0.042432110756635666,0.0,102
TiO2,nequip,o3,0,0.1,0.0845612958073616,0.0,102
TiO2,nequip,o3,0,0.15,0.12658818066120148,0.0,102
TiO2,nequip,o3,0,0.2,0.16831143200397491,0.0,102
TiO2,nequip,o3,0,0.25,0.20963186025619507,0.0,102
TiO2,nequip,o3,0,0.3,0.25045159459114075,0.0,102
TiO2,nequip,o3,0,0.35,0.2906748354434967,0.0,102
TiO2,nequip,o3,0,0.39999999999999997,0.3302080035209656,0.0,102
TiO2,nequip,o3,0,0.44999999999999996,0.3689606189727783,0.0,102
TiO2,nequip,o3,0,0.49999999999999994,0.40684470534324646,0.0,102
TiO2,nequip,o3,0,0.5499999999999999,0.44377660751342773,0.0,102
TiO2,nequip,o3,0,0.6,0.4796759784221649,0.0,102
TiO2,nequip,o3,0,0.65,0.5144678354263306,0.0,102
TiO2,nequip,o3,0,0.7,0.5480805039405823,0.0,102
TiO2,nequip,o3,0,0.75,0.5804487466812134,0.0,102
TiO2,nequip,o3,0,0.7999999999999999,0.6115126609802246,0.0,102
TiO2,nequip,o3,0,0.85,0.6412181854248047,0.0,102
TiO2,nequip,o3,0,0.9,0.6695175766944885,0.0,102
TiO2,nequip,o3,0,0.95,0.6963703632354736,0.0,102
TiO2,nequip,o3,0,1.0,0.7217426300048828,0.0,102
TiO2,nequip,o3,0,1.0499999999999998,0.7456087470054626,0.0,102
TiO2,nequip,o3,0,1.0999999999999999,0.7679502367973328,0.0,102
TiO2,nequip,o3,0,1.15,0.7887566089630127,0.0,102
TiO2,nequip,o3,0,1.2,0.8080270886421204,0.0,102
TiO2,nequip,o3,1,0.0,1.7692096321297868e-07,0.0,136
TiO2,nequip,o3,1,0.001,0.001009416300803423,0.0,102
TiO2,nequip,o3,1,0.0017492711874398425,0.0017659268341958523,0.0,102
TiO2,nequip,o3,1,0.0030599496872071963,0.0030892251525074244,0.0,102
TiO2,nequip,o3,1,0.005352681822847106,0.005403697025030851,0.0,102
TiO2,nequip,o3,1,0.009363292088239416,0.009452629834413528,0.0,102
TiO2,nequip,o3,1,0.016378937069540637,0.01653457246720791,0.0,102
TiO2,nequip,o3,1,0.028651202696637804,0.02892175130546093,0.0,102
TiO2,nequip,o3,1,0.05,0.050462350249290466,0.0,102
TiO2,nequip,o3,1,0.05011872336272722,0.05058232694864273,0.0,102
TiO2,nequip,o3,1,0.1,0.10083618015050888,0.0,102
TiO2,nequip,o3,1,0.15,0.15103118121623993,0.0,102
TiO2,nequip,o3,1,0.2,0.20095747709274292,0.0,102
TiO2,nequip,o3,1,0.25,0.25052154064178467,0.0,102
TiO2,nequip,o3,1,0.3,0.2996278405189514,0.0,102
TiO2,nequip,o3,1,0.35,0.348177433013916,0.0,102
TiO2,nequip,o3,1,0.39999999999999997,0.39606815576553345,0.0,102
TiO2,nequip,o3,1,0.44999999999999996,0.4431935250759125,0.0,102
TiO2,nequip,o3,1,0.49999999999999994,0.48944300413131714,0.0,102
TiO2,nequip,o3,1,0.5499999999999999,0.534701406955719,0.0,102
TiO2,nequip,o3,1,0.6,0.5788496732711792,0.0,102
TiO2,nequip,o3,1,0.65,0.6217638850212097,0.0,102
TiO2,nequip,o3,1,0.7,0.6633164882659912,0.0,102
TiO2,nequip,o3,1,0.75,0.7033765912055969,0.0,102
TiO2,nequip,o3,1,0.7999999999999999,0.7418092489242554,0.0,102
TiO2,nequip,o3,1,0.85,0.7784781455993652,0.0,102
TiO2,nequip,o3,1,0.9,0.8132456541061401,0.0,102
TiO2,nequip,o3,1,0.95,0.8459722995758057,0.0,102
TiO2,nequip,o3,1,1.0,0.8765202760696411,0.0,102
TiO2,nequip,o3,1,1.0499999999999998,0.9047518968582153,0.0,102
TiO2,nequip,o3,1,1.0999999999999999,0.9305336475372314,0.0,102
TiO2,nequip,o3,1,1.15,0.9537359476089478,0.0,102
TiO2,nequip,o3,1,1.2,0.9742324948310852,0.0,102
TiO2,nequip,o3,2,0.0,1.6905178767956386e-07,0.0,136
TiO2,nequip,o3,2,0.001,0.0014148798072710633,0.0,102
TiO2,nequip,o3,2,0.0017492711874398425,0.002474885666742921,0.0,102
TiO2,nequip,o3,2,0.0030599496872071963,0.00432934844866395,0.0,102
TiO2,nequip,o3,2,0.005352681822847106,0.0075729405507445335,0.0,102
TiO2,nequip,o3,2,0.009363292088239416,0.013247310183942318,0.0,102
TiO2,nequip,o3,2,0.016378937069540637,0.023173103109002113,0.0,102
TiO2,nequip,o3,2,0.028651202696637804,0.04053550958633423,0.0,102
TiO2,nequip,o3,2,0.05,0.07073584198951721,0.0,102
TiO2,nequip,o3,2,0.05011872336272722,0.07090399414300919,0.0,102
TiO2,nequip,o3,2,0.1,0.1414409875869751,0.0,102
TiO2,nequip,o3,2,0.15,0.2120838612318039,0.0,102
TiO2,nequip,o3,2,0.2,0.2826317250728607,0.0,102
TiO2,nequip,o3,2,0.25,0.3530508577823639,0.0,102
TiO2,nequip,o3,2,0.3,0.4233052730560303,0.0,102
TiO2,nequip,o3,2,0.35,0.49335601925849915,0.0,102
TiO2,nequip,o3,2,0.39999999999999997,0.5631619095802307,0.0,102
TiO2,nequip,o3,2,0.44999999999999996,0.6326780319213867,0.0,102
TiO2,nequip,o3,2,0.49999999999999994,0.7018555998802185,0.0,102
TiO2,nequip,o3,2,0.5499999999999999,0.7706421613693237,0.0,102
TiO2,nequip,o3,2,0.6,0.838980495929718,0.0,102
TiO2,nequip,o3,2,0.65,0.9068090319633484,0.0,102
TiO2,nequip,o3,2,0.7,0.9740617275238037,0.0,102
TiO2,nequip,o3,2,0.75,1.0406670570373535,0.0,102
TiO2,nequip,o3,2,0.7999999999999999,1.106549620628357,0.0,102
TiO2,nequip,o3,2,0.85,1.171628713607788,0.0,102
TiO2,nequip,o3,2,0.9,1.2358187437057495,0.0,102
TiO2,nequip,o3,2,0.95,1.299030065536499,0.0,102
TiO2,nequip,o3,2,1.0,1.3611690998077393,0.0,102
TiO2,nequip,o3,2,1.0499999999999998,1.4221376180648804,0.0,102
TiO2,nequip,o3,2,1.0999999999999999,1.4818350076675415,0.0,102
TiO2,nequip,o3,2,1.15,1.5401568412780762,0.0,102
TiO2,nequip,o3,2,1.2,1.5969977378845215,0.0,102
TiO2,nequip,so3,0,0.0,0.17171591520309448,0.0,136
TiO2,nequip,so3,0,0.001,0.17171762883663177,0.0,102
TiO2,nequip,so3,0,0.0017492711874398425,0.17172123491764069,0.0,102
TiO2,nequip,so3,0,0.0030599496872071963,0.17173199355602264,0.0,102
TiO2,nequip,so3,0,0.005352681822847106,0.17176499962806702,0.0,102
TiO2,nequip,so3,0,0.009363292088239416,0.17186589539051056,0.0,102
TiO2,nequip,so3,0,0.016378937069540637,0.17217455804347992,0.0,102
TiO2,nequip,so3,0,0.028651202696637804,0.17311547696590424,0.0,102
TiO2,nequip,so3,0,0.05,0.17594082653522491,0.0,102
TiO2,nequip,so3,0,0.05011872336272722,0.17596080899238586,0.0,102
TiO2,nequip,so3,0,0.1,0.18800806999206543,0.0,102
TiO2,nequip,so3,0,0.15,0.2064407467842102,0.0,102
TiO2,nequip,so3,0,0.2,0.22955352067947388,0.0,102
TiO2,nequip,so3,0,0.25,0.2558857202529907,0.0,102
TiO2,nequip,so3,0,0.3,0.2843204140663147,0.0,102
TiO2,nequip,so3,0,0.35,0.31404367089271545,0.0,102
TiO2,nequip,so3,0,0.39999999999999997,0.3444657325744629,0.0,102
TiO2,nequip,so3,0,0.44999999999999996,0.3751521110534668,0.0,102
TiO2,nequip,so3,0,0.49999999999999994,0.4057738184928894,0.0,102
TiO2,nequip,so3,0,0.5499999999999999,0.4360736906528473,0.0,102
TiO2,nequip,so3,0,0.6,0.4658471345901489,0.0,102
TiO2,nequip,so3,0,0.65,0.4949246644973755,0.0,102
TiO2,nequip,so3,0,0.7,0.5231648683547974,0.0,102
TiO2,nequip,so3,0,0.75,0.5504469275474548,0.0,102
TiO2,nequip,so3,0,0.7999999999999999,0.5766666531562805,0.0,102
TiO2,nequip,so3,0,0.85,0.6017358303070068,0.0,102
TiO2,nequip,so3,0,0.9,0.6255767941474915,0.0,102
TiO2,nequip,so3,0,0.95,0.6481249332427979,0.0,102
TiO2,nequip,so3,0,1.0,0.6693263649940491,0.0,102
TiO2,nequip,so3,0,1.0499999999999998,0.6891382336616516,0.0,102
TiO2,nequip,so3,0,1.0999999999999999,0.7075283527374268,0.0,102
TiO2,nequip,so3,0,1.15,0.7244750261306763,0.0,102
TiO2,nequip,so3,0,1.2,0.7399689555168152,0.0,102
TiO2,nequip,so3,1,0.0,0.02255546860396862,0.0,136
TiO2,nequip,so3,1,0.001,0.02257370762526989,0.0,102
TiO2,nequip,so3,1,0.0017492711874398425,0.022610705345869064,0.0,102
TiO2,nequip,so3,1,0.0030599496872071963,0.02272418886423111,0.0,102
TiO2,nequip,so3,1,0.005352681822847106,0.023067656904459,0.0,102
TiO2,nequip,so3,1,0.009363292088239416,0.02408824861049652,0.0,102
TiO2,nequip,so3,1,0.016378937069540637,0.026972496882081032,0.0,102
TiO2,nequip,so3,1,0.028651202696637804,0.034322649240493774,0.0,102
TiO2,nequip,so3,1,0.05,0.050459712743759155,0.0,102
TiO2,nequip,so3,1,0.05011872336272722,0.050555434077978134,0.0,102
TiO2,nequip,so3,1,0.1,0.09296795725822449,0.0,102
TiO2,nequip,so3,1,0.15,0.13694226741790771,0.0,102
TiO2,nequip,so3,1,0.2,0.18110857903957367,0.0,102
TiO2,nequip,so3,1,0.25,0.22511795163154602,0.0,102
TiO2,nequip,so3,1,0.3,0.2687968611717224,0.0,102
TiO2,nequip,so3,1,0.35,0.3120233416557312,0.0,102
TiO2,nequip,so3,1,0.39999999999999997,0.3546956777572632,0.0,102
TiO2,nequip,so3,1,0.44999999999999996,0.39672255516052246,0.0,102
TiO2,nequip,so3,1,0.49999999999999994,0.4380187392234802,0.0,102
TiO2,nequip,so3,1,0.5499999999999999,0.47850173711776733,0.0,102
TiO2,nequip,so3,1,0.6,0.5180932283401489,0.0,102
TiO2,nequip,so3,1,0.65,0.5567172765731812,0.0,102
TiO2,nequip,so3,1,0.7,0.5942996740341187,0.0,102
TiO2,nequip,so3,1,0.75,0.6307692527770996,0.0,102
TiO2,nequip,so3,1,0.7999999999999999,0.6660569310188293,0.0,102
TiO2,nequip,so3,1,0.85,0.7000961303710938,0.0,102
TiO2,nequip,so3,1,0.9,0.7328230738639832,0.0,102
TiO2,nequip,so3,1,0.95,0.7641769647598267,0.0,102
TiO2,nequip,so3,1,1.0,0.7940996289253235,0.0,102
TiO2,nequip,so3,1,1.0499999999999998,0.8225364685058594,0.0,102
TiO2,nequip,so3,1,1.0999999999999999,0.8494370579719543,0.0,102
TiO2,nequip,so3,1,1.15,0.8747543096542358,0.0,102
TiO2,nequip,so3,1,1.2,0.8984464406967163,0.0,102
TiO2,nequip,so3,2,0.0,0.23788291215896606,0.0,136
TiO2,nequip,so3,2,0.001,0.23788520693778992,0.0,102
TiO2,nequip,so3,2,0.0017492711874398425,0.2378896027803421,0.0,102
TiO2,nequip,so3,2,0.0030599496872071963,0.23790323734283447,0.0,102
TiO2,nequip,so3,2,0.005352681822847106,0.23794454336166382,0.0,102
TiO2,nequip,so3,2,0.009363292088239416,0.23807138204574585,0.0,102
TiO2,nequip,so3,2,0.016378937069540637,0.238459050655365,0.0,102
TiO2,nequip,so3,2,0.028651202696637804,0.23964138329029083,0.0,102
TiO2,nequip,so3,2,0.05,0.24319474399089813,0.0,102
TiO2,nequip,so3,2,0.05011872336272722,0.24321964383125305,0.0,102
TiO2,nequip,so3,2,0.1,0.2584175765514374,0.0,102
TiO2,nequip,so3,2,0.15,0.28179213404655457,0.0,102
TiO2,nequip,so3,2,0.2,0.3112519085407257,0.0,102
TiO2,nequip,so3,2,0.25,0.3449466824531555,0.0,102
TiO2,nequip,so3,2,0.3,0.3814213275909424,0.0,102
TiO2,nequip,so3,2,0.35,0.41958755254745483,0.0,102
TiO2,nequip,so3,2,0.39999999999999997,0.4586407244205475,0.0,102
TiO2,nequip,so3,2,0.44999999999999996,0.49798083305358887,0.0,102
TiO2,nequip,so3,2,0.49999999999999994,0.5371488928794861,0.0,102
TiO2,nequip,so3,2,0.5499999999999999,0.5757871270179749,0.0,102
TiO2,nequip,so3,2,0.6,0.6136080622673035,0.0,102
TiO2,nequip,so3,2,0.65,0.6503772139549255,0.0,102
TiO2,nequip,so3,2,0.7,0.6858987212181091,0.0,102
TiO2,nequip,so3,2,0.75,0.7200090885162354,0.0,102
TiO2,nequip,so3,2,0.7999999999999999,0.7525684237480164,0.0,102
TiO2,nequip,so3,2,0.85,0.7834593057632446,0.0,102
TiO2,nequip,so3,2,0.9,0.8125805258750916,0.0,102
TiO2,nequip,so3,2,0.95,0.8398482203483582,0.0,102
TiO2,nequip,so3,2,1.0,0.8651918768882751,0.0,102
TiO2,nequip,so3,2,1.0499999999999998,0.8885536193847656,0.0,102
TiO2,nequip,so3,2,1.0999999999999999,0.9098893404006958,0.0,102
TiO2,nequip,so3,2,1.15,0.9291638731956482,0.0,102
TiO2,nequip,so3,2,1.2,0.9463536143302917,0.0,102
BaTiO3,allegro,o3,0,0.0,3.316271772746404e-07,0.0,221
BaTiO3,allegro,o3,0,0.001,0.002382181352004409,0.0,99
BaTiO3,allegro,o3,0,0.0017492711874398425,0.004165267571806908,0.0,99
BaTiO3,allegro,o3,0,0.0030599496872071963,0.007288302760571241,0.0,99
BaTiO3,allegro,o3,0,0.005352681822847106,0.012747952714562416,0.0,99
BaTiO3,allegro,o3,0,0.009363292088239416,0.022299405187368393,0.0,99
BaTiO3,allegro,o3,0,0.016378937069540637,0.03900422528386116,0.0,99
BaTiO3,allegro,o3,0,0.028651202696637804,0.06821193546056747,0.0,99
BaTiO3,allegro,o3,0,0.05,0.11894601583480835,0.0,99
BaTiO3,allegro,o3,0,0.05011872336272722,0.1192285567522049,0.0,99
BaTiO3,allegro,o3,0,0.1,0.23706594109535217,0.0,99
BaTiO3,allegro,o3,0,0.15,0.3535422086715698,0.0,99
BaTiO3,allegro,o3,0,0.2,0.46757322549819946,0.0,99
BaTiO3,allegro,o3,0,0.25,0.5783788561820984,0.0,99
BaTiO3,allegro,o3,0,0.3,0.6851996183395386,0.0,99
BaTiO3,allegro,o3,0,0.35,0.7872979640960693,0.0,99
BaTiO3,allegro,o3,0,0.39999999999999997,0.8839459419250488,0.0,99
BaTiO3,allegro,o3,0,0.44999999999999996,0.9744102954864502,0.0,99
BaTiO3,allegro,o3,0,0.49999999999999994,1.0579426288604736,0.0,99
BaTiO3,allegro,o3,0,0.5499999999999999,1.133752703666687,0.0,99
BaTiO3,allegro,o3,0,0.6,1.2010008096694946,0.0,99
BaTiO3,allegro,o3,0,0.65,1.2587732076644897,0.0,99
BaTiO3,allegro,o3,0,0.7,1.3060790300369263,0.0,99
BaTiO3,allegro,o3,0,0.75,1.3418502807617188,0.0,99
BaTiO3,allegro,o3,0,0.7999999999999999,1.3649600744247437,0.0,99
BaTiO3,allegro,o3,0,0.85,1.374241828918457,0.0,99
BaTiO3,allegro,o3,0,0.9,1.368537187576294,0.0,99
BaTiO3,allegro,o3,0,0.95,1.3467546701431274,0.0,99
BaTiO3,allegro,o3,0,1.0,1.3079270124435425,0.0,99
BaTiO3,allegro,o3,0,1.0499999999999998,1.2512980699539185,0.0,99
BaTiO3,allegro,o3,0,1.0999999999999999,1.1764066219329834,0.0,99
BaTiO3,allegro,o3,0,1.15,1.0831717252731323,0.0,99
BaTiO3,allegro,o3,0,1.2,0.9720333814620972,0.0,99
BaTiO3,allegro,o3,1,0.0,3.502679533085029e-07,0.0,221
BaTiO3,allegro,o3,1,0.001,0.003189390292391181,0.0,99
BaTiO3,allegro,o3,1,0.0017492711874398425,0.005580172408372164,0.0,99
BaTiO3,allegro,o3,1,0.0030599496872071963,0.009763602167367935,0.0,99
BaTiO3,allegro,o3,1,0.005352681822847106,0.01707717590034008,0.0,99
BaTiO3,allegro,o3,1,0.009363292088239416,0.029873065650463104,0.0,99
BaTiO3,allegro,o3,1,0.016378937069540637,0.05224713310599327,0.0,99
BaTiO3,allegro,o3,1,0.028651202696637804,0.09135136008262634,0.0,99
BaTiO3,allegro,o3,1,0.05,0.15920309722423553,0.0,99
BaTiO3,allegro,o3,1,0.05011872336272722,0.15958023071289062,0.0,99
BaTiO3,allegro,o3,1,0.1,0.31646761298179626,0.0,99
BaTiO3,allegro,o3,1,0.15,0.46988430619239807,0.0,99
BaTiO3,allegro,o3,1,0.2,0.6175987124443054,0.0,99
BaTiO3,allegro,o3,1,0.25,0.7578426003456116,0.0,99
BaTiO3,allegro,o3,1,0.3,0.8889726996421814,0.0,99
BaTiO3,allegro,o3,1,0.35,1.0094910860061646,0.0,99
BaTiO3,allegro,o3,1,0.39999999999999997,1.1180967092514038,0.0,99
BaTiO3,allegro,o3,1,0.44999999999999996,1.2137165069580078,0.0,99
BaTiO3,allegro,o3,1,0.49999999999999994,1.2955514192581177,0.0,99
BaTiO3,allegro,o3,1,0.5499999999999999,1.3631243705749512,0.0,99
BaTiO3,allegro,o3,1,0.6,1.4163323640823364,0.0,99
BaTiO3,allegro,o3,1,0.65,1.4554904699325562,0.0,99
BaTiO3,allegro,o3,1,0.7,1.48140549659729,0.0,99
BaTiO3,allegro,o3,1,0.75,1.4954215288162231,0.0,99
BaTiO3,allegro,o3,1,0.7999999999999999,1.499485969543457,0.0,99
BaTiO3,allegro,o3,1,0.85,1.4961767196655273,0.0,99
BaTiO3,allegro,o3,1,0.9,1.4887293577194214,0.0,99
BaTiO3,allegro,o3,1,0.95,1.4809670448303223,0.0,99
BaTiO3,allegro,o3,1,1.0,1.4771558046340942,0.0,99
BaTiO3,allegro,o3,1,1.0499999999999998,1.4817003011703491,0.0,99
BaTiO3,allegro,o3,1,1.0999999999999999,1.4987092018127441,0.0,99
BaTiO3,allegro,o3,1,1.15,1.5314769744873047,0.0,99
BaTiO3,allegro,o3,1,1.2,1.5820231437683105,0.0,99
BaTiO3,allegro,o3,2,0.0,2.6726959845291276e-07,0.0,221
BaTiO3,allegro,o3,2,0.001,0.0032258459832519293,0.0,99
BaTiO3,allegro,o3,2,0.0017492711874398425,0.0056425840593874454,0.0,99
BaTiO3,allegro,o3,2,0.0030599496872071963,0.009870742447674274,0.0,99
BaTiO3,allegro,o3,2,0.005352681822847106,0.01726422645151615,0.0,99
BaTiO3,allegro,o3,2,0.009363292088239416,0.03019765578210354,0.0,99
BaTiO3,allegro,o3,2,0.016378937069540637,0.05281513184309006,0.0,99
BaTiO3,allegro,o3,2,0.028651202696637804,0.09233400970697403,0.0,99
BaTiO3,allegro,o3,2,0.05,0.16085848212242126,0.0,99
BaTiO3,allegro,o3,2,0.05011872336272722,0.16123756766319275,0.0,99
BaTiO3,allegro,o3,2,0.1,0.31924059987068176,0.0,99
BaTiO3,allegro,o3,2,0.15,0.4727429449558258,0.0,99
BaTiO3,allegro,o3,2,0.2,0.6190877556800842,0.0,99
BaTiO3,allegro,o3,2,0.25,0.7561942934989929,0.0,99
BaTiO3,allegro,o3,2,0.3,0.8822352290153503,0.0,99
BaTiO3,allegro,o3,2,0.35,0.9956697821617126,0.0,99
BaTiO3,allegro,o3,2,0.39999999999999997,1.0952996015548706,0.0,99
BaTiO3,allegro,o3,2,0.44999999999999996,1.1802831888198853,0.0,99
BaTiO3,allegro,o3,2,0.49999999999999994,1.25016188621521,0.0,99
BaTiO3,allegro,o3,2,0.5499999999999999,1.304857611656189,0.0,99
BaTiO3,allegro,o3,2,0.6,1.344667911529541,0.0,99
BaTiO3,allegro,o3,2,0.65,1.370252251625061,0.0,99
BaTiO3,allegro,o3,2,0.7,1.382588505744934,0.0,99
BaTiO3,allegro,o3,2,0.75,1.3829480409622192,0.0,99
BaTiO3,allegro,o3,2,0.7999999999999999,1.372830867767334,0.0,99
BaTiO3,allegro,o3,2,0.85,1.3539202213287354,0.0,99
BaTiO3,allegro,o3,2,0.9,1.3279976844787598,0.0,99
BaTiO3,allegro,o3,2,0.95,1.2968854904174805,0.0,99
BaTiO3,allegro,o3,2,1.0,1.2623567581176758,0.0,99
BaTiO3,allegro,o3,2,1.0499999999999998,1.2260708808898926,0.0,99
BaTiO3,allegro,o3,2,1.0999999999999999,1.1894875764846802,0.0,99
BaTiO3,allegro,o3,2,1.15,1.1538177728652954,0.0,99
BaTiO3,allegro,o3,2,1.2,1.1199697256088257,0.0,99
BaTiO3,allegro,so3,0,0.0,5.611327651422471e-07,0.0,221
BaTiO3,allegro,so3,0,0.001,0.002260575070977211,0.0,99
BaTiO3,allegro,so3,0,0.0017492711874398425,0.003954367712140083,0.0,99
BaTiO3,allegro,so3,0,0.0030599496872071963,0.006917169317603111,0.0,99
BaTiO3,allegro,so3,0,0.005352681822847106,0.01210132334381342,0.0,99
BaTiO3,allegro,so3,0,0.009363292088239416,0.02116761915385723,0.0,99
BaTiO3,allegro,so3,0,0.016378937069540637,0.037023648619651794,0.0,99
BaTiO3,allegro,so3,0,0.028651202696637804,0.06474313139915466,0.0,99
BaTiO3,allegro,so3,0,0.05,0.11287511140108109,0.0,99
BaTiO3,allegro,so3,0,0.05011872336272722,0.11314206570386887,0.0,99
BaTiO3,allegro,so3,0,0.1,0.22477707266807556,0.0,99
BaTiO3,allegro,so3,0,0.15,0.33477649092674255,0.0,99
BaTiO3,allegro,so3,0,0.2,0.44201934337615967,0.0,99
BaTiO3,allegro,so3,0,0.25,0.5457643866539001,0.0,99
BaTiO3,allegro,so3,0,0.3,0.6454224586486816,0.0,99
BaTiO3,allegro,so3,0,0.35,0.7405601143836975,0.0,99
BaTiO3,allegro,so3,0,0.39999999999999997,0.8309389352798462,0.0,99
BaTiO3,allegro,so3,0,0.44999999999999996,0.9165078401565552,0.0,99
BaTiO3,allegro,so3,0,0.49999999999999994,0.9974088072776794,0.0,99
BaTiO3,allegro,so3,0,0.5499999999999999,1.073970913887024,0.0,99
BaTiO3,allegro,so3,0,0.6,1.1466912031173706,0.0,99
BaTiO3,allegro,so3,0,0.65,1.216212511062622,0.0,99
BaTiO3,allegro,so3,0,0.7,1.2832916975021362,0.0,99
BaTiO3,allegro,so3,0,0.75,1.348767876625061,0.0,99
BaTiO3,allegro,so3,0,0.7999999999999999,1.413520097732544,0.0,99
BaTiO3,allegro,so3,0,0.85,1.4784225225448608,0.0,99
BaTiO3,allegro,so3,0,0.9,1.5443156957626343,0.0,99
BaTiO3,allegro,so3,0,0.95,1.611955165863037,0.0,99
BaTiO3,allegro,so3,0,1.0,1.681971549987793,0.0,99
BaTiO3,allegro,so3,0,1.0499999999999998,1.7548470497131348,0.0,99
BaTiO3,allegro,so3,0,1.0999999999999999,1.8308777809143066,0.0,99
BaTiO3,allegro,so3,0,1.15,1.9101603031158447,0.0,99
BaTiO3,allegro,so3,0,1.2,1.992572546005249,0.0,99
BaTiO3,allegro,so3,1,0.0,6.897997764099273e-07,0.0,221
BaTiO3,allegro,so3,1,0.001,0.002843002090230584,0.0,99
BaTiO3,allegro,so3,1,0.0017492711874398425,0.004971989430487156,0.0,99
BaTiO3,allegro,so3,1,0.0030599496872071963,0.008701865561306477,0.0,99
BaTiO3,allegro,so3,1,0.005352681822847106,0.015219101682305336,0.0,99
BaTiO3,allegro,so3,1,0.009363292088239416,0.026621567085385323,0.0,99
BaTiO3,allegro,so3,1,0.016378937069540637,0.04656592383980751,0.0,99
BaTiO3,allegro,so3,1,0.028651202696637804,0.08144719153642654,0.0,99
BaTiO3,allegro,so3,1,0.05,0.14208491146564484,0.0,99
BaTiO3,allegro,so3,1,0.05011872336272722,0.1424219310283661,0.0,99
BaTiO3,allegro,so3,1,0.1,0.28373685479164124,0.0,99
BaTiO3,allegro,so3,1,0.15,0.42452970147132874,0.0,99
BaTiO3,allegro,so3,1,0.2,0.5640408992767334,0.0,99
BaTiO3,allegro,so3,1,0.25,0.7018515467643738,0.0,99
BaTiO3,allegro,so3,1,0.3,0.8375616669654846,0.0,99
BaTiO3,allegro,so3,1,0.35,0.9707783460617065,0.0,99
BaTiO3,allegro,so3,1,0.39999999999999997,1.1011184453964233,0.0,99
BaTiO3,allegro,so3,1,0.44999999999999996,1.2282360792160034,0.0,99
BaTiO3,allegro,so3,1,0.49999999999999994,1.3517781496047974,0.0,99
BaTiO3,allegro,so3,1,0.5499999999999999,1.4714415073394775,0.0,99
BaTiO3,allegro,so3,1,0.6,1.586928367614746,0.0,99
BaTiO3,allegro,so3,1,0.65,1.6979775428771973,0.0,99
BaTiO3,allegro,so3,1,0.7,1.8043529987335205,0.0,99
BaTiO3,allegro,so3,1,0.75,1.905838966369629,0.0,99
BaTiO3,allegro,so3,1,0.7999999999999999,2.0022730827331543,0.0,99
BaTiO3,allegro,so3,1,0.85,2.093501567840576,0.0,99
BaTiO3,allegro,so3,1,0.9,2.1794118881225586,0.0,99
BaTiO3,allegro,so3,1,0.95,2.2599267959594727,0.0,99
BaTiO3,allegro,so3,1,1.0,2.334989547729492,0.0,99
BaTiO3,allegro,so3,1,1.0499999999999998,2.4045844078063965,0.0,99
BaTiO3,allegro,so3,1,1.0999999999999999,2.46871018409729,0.0,99
BaTiO3,allegro,so3,1,1.15,2.527404546737671,0.0,99
BaTiO3,allegro,so3,1,1.2,2.5807137489318848,0.0,99
BaTiO3,allegro,so3,2,0.0,1.8067274254462973e-07,0.0,221
BaTiO3,allegro,so3,2,0.001,0.0032690640073269606,0.0,99
BaTiO3,allegro,so3,2,0.0017492711874398425,0.005718010012060404,0.0,99
BaTiO3,allegro,so3,2,0.0030599496872071963,0.010002144612371922,0.0,99
BaTiO3,allegro,so3,2,0.005352681822847106,0.01749534159898758,0.0,99
BaTiO3,allegro,so3,2,0.009363292088239416,0.030603323131799698,0.0,99
BaTiO3,allegro,so3,2,0.016378937069540637,0.053525157272815704,0.0,99
BaTiO3,allegro,so3,2,0.028651202696637804,0.0935872420668602,0.0,99
BaTiO3,allegro,so3,2,0.05,0.16309291124343872,0.0,99
BaTiO3,allegro,so3,2,0.05011872336272722,0.1634785383939743,0.0,99
BaTiO3,allegro,so3,2,0.1,0.32413923740386963,0.0,99
BaTiO3,allegro,so3,2,0.15,0.48113399744033813,0.0,99
BaTiO3,allegro,so3,2,0.2,0.6321561932563782,0.0,99
BaTiO3,allegro,so3,2,0.25,0.7754046320915222,0.0,99
BaTiO3,allegro,so3,2,0.3,0.9092420339584351,0.0,99
BaTiO3,allegro,so3,2,0.35,1.032226324081421,0.0,99
BaTiO3,allegro,so3,2,0.39999999999999997,1.1431447267532349,0.0,99
BaTiO3,allegro,so3,2,0.44999999999999996,1.2410383224487305,0.0,99
BaTiO3,allegro,so3,2,0.49999999999999994,1.3252224922180176,0.0,99
BaTiO3,allegro,so3,2,0.5499999999999999,1.3953009843826294,0.0,99
BaTiO3,allegro,so3,2,0.6,1.4511610269546509,0.0,99
BaTiO3,allegro,so3,2,0.65,1.492977499961853,0.0,99
BaTiO3,allegro,so3,2,0.7,1.5211904048919678,0.0,99
BaTiO3,allegro,so3,2,0.75,1.5364961624145508,0.0,99
BaTiO3,allegro,so3,2,0.7999999999999999,1.539823055267334,0.0,99
BaTiO3,allegro,so3,2,0.85,1.5323114395141602,0.0,99
BaTiO3,allegro,so3,2,0.9,1.5152978897094727,0.0,99
BaTiO3,allegro,so3,2,0.95,1.4902873039245605,0.0,99
BaTiO3,allegro,so3,2,1.0,1.4589531421661377,0.0,99
BaTiO3,allegro,so3,2,1.0499999999999998,1.4231252670288086,0.0,99
BaTiO3,allegro,so3,2,1.0999999999999999,1.3847638368606567,0.0,99
BaTiO3,allegro,so3,2,1.15,1.3459560871124268,0.0,99
BaTiO3,allegro,so3,2,1.2,1.3088722229003906,0.0,99
BaTiO3,equiformer_v2,so3,0,0.0,0.0021545081600490216,0.00038477111781157056,221
BaTiO3,equiformer_v2,so3,0,0.001,0.002679954325163619,0.00032078030043842273,99
BaTiO3,equiformer_v2,so3,0,0.0017492711874398425,0.0038295426273943695,0.0002472831450300845,99
BaTiO3,equiformer_v2,so3,0,0.0030599496872071963,0.006635593614791308,0.00011910921128514503,99
BaTiO3,equiformer_v2,so3,0,0.005352681822847106,0.011952860128803356,0.0004017225249525144,99
BaTiO3,equiformer_v2,so3,0,0.009363292088239416,0.020707986797037604,0.0003293103323071143,99
BaTiO3,equiformer_v2,so3,0,0.016378937069540637,0.036495634994589264,0.00026146707608210387,99
BaTiO3,equiformer_v2,so3,0,0.028651202696637804,0.06401509403452502,0.0002687138900533241,99
BaTiO3,equiformer_v2,so3,0,0.05,0.1112665116878786,0.00030537566713200506,99
BaTiO3,equiformer_v2,so3,0,0.05011872336272722,0.11137990823267985,0.0002607139099591563,99
BaTiO3,equiformer_v2,so3,0,0.1,0.2191125113462556,0.0002336317470813066,99
BaTiO3,equiformer_v2,so3,0,0.15,0.32426114999369615,0.0005877967608785998,99
BaTiO3,equiformer_v2,so3,0,0.2,0.42464156539921616,0.0002909060282591255,99
BaTiO3,equiformer_v2,so3,0,0.25,0.5190911828231476,0.00035736457200511584,99
BaTiO3,equiformer_v2,so3,0,0.3,0.6112086807239855,0.0003536652294588201,99
BaTiO3,equiformer_v2,so3,0,0.35,0.7048884581409716,0.0006372037436986437,99
BaTiO3,equiformer_v2,so3,0,0.39999999999999997,0.8010502556113577,0.0005270389450936222,99
BaTiO3,equiformer_v2,so3,0,0.44999999999999996,0.8983400127025858,0.0006167557486373234,99
BaTiO3,equiformer_v2,so3,0,0.49999999999999994,0.9903703123860058,0.0007771627395968725,99
BaTiO3,equiformer_v2,so3,0,0.5499999999999999,1.075766775338817,0.0010742708063422078,99
BaTiO3,equiformer_v2,so3,0,0.6,1.1565362574553835,0.0005607254475500482,99
BaTiO3,equiformer_v2,so3,0,0.65,1.2325303730563317,0.0006656603921225158,99
BaTiO3,equiformer_v2,so3,0,0.7,1.3041194982286561,0.001198287080554472,99
BaTiO3,equiformer_v2,so3,0,0.75,1.3681691576662611,0.0021962636512156716,99
BaTiO3,equiformer_v2,so3,0,0.7999999999999999,1.4282704930541283,0.0011877609279085538,99
BaTiO3,equiformer_v2,so3,0,0.85,1.4834264220778397,0.0011252454316333991,99
BaTiO3,equiformer_v2,so3,0,0.9,1.532884494308298,0.0024915917089816985,99
BaTiO3,equiformer_v2,so3,0,0.95,1.579522759518245,0.0018039636070553502,99
BaTiO3,equiformer_v2,so3,0,1.0,1.6238076348250599,0.002838553615373697,99
BaTiO3,equiformer_v2,so3,0,1.0499999999999998,1.6640585901343066,0.00155070017742008,99
BaTiO3,equiformer_v2,so3,0,1.0999999999999999,1.6998520411115137,0.0018118905497516544,99
BaTiO3,equiformer_v2,so3,0,1.15,1.732262138826546,0.0011210164176755986,99
BaTiO3,equiformer_v2,so3,0,1.2,1.765981974967172,0.0018354763027117326,99
BaTiO3,equiformer_v2,so3,1,0.0,0.0021517855999233335,0.0003912792179749283,221
BaTiO3,equiformer_v2,so3,1,0.001,0.0028345883344992225,0.0002460643790718032,99
BaTiO3,equiformer_v2,so3,1,0.0017492711874398425,0.0037133692732322747,0.0003643220950670549,99
BaTiO3,equiformer_v2,so3,1,0.0030599496872071963,0.0055097490784095735,0.00038740631076521827,99
BaTiO3,equiformer_v2,so3,1,0.005352681822847106,0.0083445771177036,0.0002532751599889865,99
BaTiO3,equiformer_v2,so3,1,0.009363292088239416,0.014202327834672915,0.00010846980499075256,99
BaTiO3,equiformer_v2,so3,1,0.016378937069540637,0.024640231810805786,0.0002732843118695293,99
BaTiO3,equiformer_v2,so3,1,0.028651202696637804,0.04361729395828866,0.0002979122685278537,99
BaTiO3,equiformer_v2,so3,1,0.05,0.07713404715719113,0.0003201566456851636,99
BaTiO3,equiformer_v2,so3,1,0.05011872336272722,0.07722944052424288,0.0001411345395943721,99
BaTiO3,equiformer_v2,so3,1,0.1,0.1679003607278042,0.00047723122701478484,99
BaTiO3,equiformer_v2,so3,1,0.15,0.27022440916477775,0.0006071221745457694,99
BaTiO3,equiformer_v2,so3,1,0.2,0.3638848289210508,0.0005596543267602345,99
BaTiO3,equiformer_v2,so3,1,0.25,0.44611610815295427,0.000522586882025742,99
BaTiO3,equiformer_v2,so3,1,0.3,0.5215338078053577,0.0008357938284378975,99
BaTiO3,equiformer_v2,so3,1,0.35,0.5896150058341899,0.0018182358927311916,99
BaTiO3,equiformer_v2,so3,1,0.39999999999999997,0.6474736012094423,0.0010033973940689663,99
BaTiO3,equiformer_v2,so3,1,0.44999999999999996,0.6924000193138805,0.00140596384645306,99
BaTiO3,equiformer_v2,so3,1,0.49999999999999994,0.7251644568491777,0.0020065968344250692,99
BaTiO3,equiformer_v2,so3,1,0.5499999999999999,0.7486101797873308,0.0012519092332466876,99
BaTiO3,equiformer_v2,so3,1,0.6,0.7641198698744452,0.0030793922344572082,99
BaTiO3,equiformer_v2,so3,1,0.65,0.76900481940721,0.0040148438523673,99
BaTiO3,equiformer_v2,so3,1,0.7,0.765411191765563,0.0030518928489629313,99
BaTiO3,equiformer_v2,so3,1,0.75,0.7569217318477299,0.006278624355669962,99
BaTiO3,equiformer_v2,so3,1,0.7999999999999999,0.7478709920093518,0.002577216815539361,99
BaTiO3,equiformer_v2,so3,1,0.85,0.7391529714393377,0.00650481915490871,99
BaTiO3,equiformer_v2,so3,1,0.9,0.7312297680010097,0.005146331707300361,99
BaTiO3,equiformer_v2,so3,1,0.95,0.7341508997854481,0.0020626151961029736,99
BaTiO3,equiformer_v2,so3,1,1.0,0.7259533202323871,0.005625238878717152,99
BaTiO3,equiformer_v2,so3,1,1.0499999999999998,0.7320976321840659,0.008458715535885323,99
BaTiO3,equiformer_v2,so3,1,1.0999999999999999,0.7310727946081773,0.0037331788585756353,99
BaTiO3,equiformer_v2,so3,1,1.15,0.7511962637155578,0.006140873250368832,99
BaTiO3,equiformer_v2,so3,1,1.2,0.7476219862462403,0.008181028898291929,99
BaTiO3,equiformer_v2,so3,2,0.0,0.0025005386209622418,0.00039009309285549244,221
BaTiO3,equiformer_v2,so3,2,0.001,0.0037723105496966017,0.00038866512468300226,99
BaTiO3,equiformer_v2,so3,2,0.0017492711874398425,0.004252837968544809,0.0007200777811494842,99
BaTiO3,equiformer_v2,so3,2,0.0030599496872071963,0.006504054077321253,0.0006085852524255464,99
BaTiO3,equiformer_v2,so3,2,0.005352681822847106,0.012030350784977587,0.0007200715094834838,99
BaTiO3,equiformer_v2,so3,2,0.009363292088239416,0.020473176084031895,0.0003483278090263773,99
BaTiO3,equiformer_v2,so3,2,0.016378937069540637,0.036240092853834324,0.0006072278866908725,99
BaTiO3,equiformer_v2,so3,2,0.028651202696637804,0.06406598760563144,0.0008648153841771311,99
BaTiO3,equiformer_v2,so3,2,0.05,0.11160586664736545,0.0009852223997263605,99
BaTiO3,equiformer_v2,so3,2,0.05011872336272722,0.11125790315412165,0.0007939905449800881,99
BaTiO3,equiformer_v2,so3,2,0.1,0.22122909565346777,0.0005480690166966397,99
BaTiO3,equiformer_v2,so3,2,0.15,0.3304260150353763,0.0009508841039398479,99
BaTiO3,equiformer_v2,so3,2,0.2,0.4383670100402476,0.0007283692973611943,99
BaTiO3,equiformer_v2,so3,2,0.25,0.544620290895201,0.00043161954463186516,99
BaTiO3,equiformer_v2,so3,2,0.3,0.6476450561775836,0.0008883059632025159,99
BaTiO3,equiformer_v2,so3,2,0.35,0.7479314149975143,0.0006066778498177164,99
BaTiO3,equiformer_v2,so3,2,0.39999999999999997,0.8456493122530745,0.0004040536340142343,99
BaTiO3,equiformer_v2,so3,2,0.44999999999999996,0.9380172926404369,0.0006014175828693253,99
BaTiO3,equiformer_v2,so3,2,0.49999999999999994,1.0266684933719128,0.0006296604013232305,99
BaTiO3,equiformer_v2,so3,2,0.5499999999999999,1.1134963745846527,0.0010191274261037318,99
BaTiO3,equiformer_v2,so3,2,0.6,1.1957721049334444,0.0008277633251346822,99
BaTiO3,equiformer_v2,so3,2,0.65,1.2742403479578623,0.0007692202692247184,99
BaTiO3,equiformer_v2,so3,2,0.7,1.350515388026595,0.0007470930749678794,99
BaTiO3,equiformer_v2,so3,2,0.75,1.4210841826187683,0.0006941422158095383,99
BaTiO3,equiformer_v2,so3,2,0.7999999999999999,1.4871786283827564,0.0008183335837026555,99
BaTiO3,equiformer_v2,so3,2,0.85,1.5499194950508204,0.0005456656234191798,99
BaTiO3,equiformer_v2,so3,2,0.9,1.6089604162501465,0.0010116404744508975,99
BaTiO3,equiformer_v2,so3,2,0.95,1.663663396759396,0.0010706824132980493,99
BaTiO3,equiformer_v2,so3,2,1.0,1.7134664799421078,0.0009961964667085119,99
BaTiO3,equiformer_v2,so3,2,1.0499999999999998,1.7587153009106444,0.0005746402990689599,99
BaTiO3,equiformer_v2,so3,2,1.0999999999999999,1.799682498742391,0.0012448287519271194,99
BaTiO3,equiformer_v2,so3,2,1.15,1.838601899569334,0.0009250012481887065,99
BaTiO3,equiformer_v2,so3,2,1.2,1.8734445001047244,0.0011118093794782757,99
BaTiO3,nequip,o3,0,0.0,1.8078949892696983e-07,0.0,221
BaTiO3,nequip,o3,0,0.001,0.0037227559369057417,0.0,99
BaTiO3,nequip,o3,0,0.0017492711874398425,0.00651365565136075,0.0,99
BaTiO3,nequip,o3,0,0.0030599496872071963,0.011393481865525246,0.0,99
BaTiO3,nequip,o3,0,0.005352681822847106,0.019929375499486923,0.0,99
BaTiO3,nequip,o3,0,0.009363292088239416,0.034861549735069275,0.0,99
BaTiO3,nequip,o3,0,0.016378937069540637,0.06097397953271866,0.0,99
BaTiO3,nequip,o3,0,0.028651202696637804,0.1066204309463501,0.0,99
BaTiO3,nequip,o3,0,0.05,0.1858498901128769,0.0,99
BaTiO3,nequip,o3,0,0.05011872336272722,0.1862894594669342,0.0,99
BaTiO3,nequip,o3,0,0.1,0.3697819709777832,0.0,99
BaTiO3,nequip,o3,0,0.15,0.5499011278152466,0.0,99
BaTiO3,nequip,o3,0,0.2,0.7243555784225464,0.0,99
BaTiO3,nequip,o3,0,0.25,0.8913615942001343,0.0,99
BaTiO3,nequip,o3,0,0.3,1.0492209196090698,0.0,99
BaTiO3,nequip,o3,0,0.35,1.196347951889038,0.0,99
BaTiO3,nequip,o3,0,0.39999999999999997,1.3312876224517822,0.0,99
BaTiO3,nequip,o3,0,0.44999999999999996,1.452735424041748,0.0,99
BaTiO3,nequip,o3,0,0.49999999999999994,1.5595595836639404,0.0,99
BaTiO3,nequip,o3,0,0.5499999999999999,1.650814175605774,0.0,99
BaTiO3,nequip,o3,0,0.6,1.7257606983184814,0.0,99
BaTiO3,nequip,o3,0,0.65,1.7838844060897827,0.0,99
BaTiO3,nequip,o3,0,0.7,1.8248987197875977,0.0,99
BaTiO3,nequip,o3,0,0.75,1.8487681150436401,0.0,99
BaTiO3,nequip,o3,0,0.7999999999999999,1.8557138442993164,0.0,99
BaTiO3,nequip,o3,0,0.85,1.8462222814559937,0.0,99
BaTiO3,nequip,o3,0,0.9,1.8210664987564087,0.0,99
BaTiO3,nequip,o3,0,0.95,1.7813177108764648,0.0,99
BaTiO3,nequip,o3,0,1.0,1.7283661365509033,0.0,99
BaTiO3,nequip,o3,0,1.0499999999999998,1.6639597415924072,0.0,99
BaTiO3,nequip,o3,0,1.0999999999999999,1.5902512073516846,0.0,99
BaTiO3,nequip,o3,0,1.15,1.509865164756775,0.0,99
BaTiO3,nequip,o3,0,1.2,1.4259953498840332,0.0,99
BaTiO3,nequip,o3,1,0.0,1.6767930333116965e-07,0.0,221
BaTiO3,nequip,o3,1,0.001,0.004996522795408964,0.0,99
BaTiO3,nequip,o3,1,0.0017492711874398425,0.008741156198084354,0.0,99
BaTiO3,nequip,o3,1,0.0030599496872071963,0.015290118753910065,0.0,99
BaTiO3,nequip,o3,1,0.005352681822847106,0.02674459107220173,0.0,99
BaTiO3,nequip,o3,1,0.009363292088239416,0.04678303003311157,0.0,99
BaTiO3,nequip,o3,1,0.016378937069540637,0.08182494342327118,0.0,99
BaTiO3,nequip,o3,1,0.028651202696637804,0.14307816326618195,0.0,99
BaTiO3,nequip,o3,1,0.05,0.24939227104187012,0.0,99
BaTiO3,nequip,o3,1,0.05011872336272722,0.24998261034488678,0.0,99
BaTiO3,nequip,o3,1,0.1,0.49613985419273376,0.0,99
BaTiO3,nequip,o3,1,0.15,0.7376247644424438,0.0,99
BaTiO3,nequip,o3,1,0.2,0.971290647983551,0.0,99
BaTiO3,nequip,o3,1,0.25,1.1946666240692139,0.0,99
BaTiO3,nequip,o3,1,0.3,1.4053980112075806,0.0,99
BaTiO3,nequip,o3,1,0.35,1.6012722253799438,0.0,99
BaTiO3,nequip,o3,1,0.39999999999999997,1.7802519798278809,0.0,99
BaTiO3,nequip,o3,1,0.44999999999999996,1.940492033958435,0.0,99
BaTiO3,nequip,o3,1,0.49999999999999994,2.080376625061035,0.0,99
BaTiO3,nequip,o3,1,0.5499999999999999,2.1985390186309814,0.0,99
BaTiO3,nequip,o3,1,0.6,2.293889045715332,0.0,99
BaTiO3,nequip,o3,1,0.65,2.365647315979004,0.0,99
BaTiO3,nequip,o3,1,0.7,2.413365364074707,0.0,99
BaTiO3,nequip,o3,1,0.75,2.4369776248931885,0.0,99
BaTiO3,nequip,o3,1,0.7999999999999999,2.436833143234253,0.0,99
BaTiO3,nequip,o3,1,0.85,2.4137604236602783,0.0,99
BaTiO3,nequip,o3,1,0.9,2.369145154953003,0.0,99
BaTiO3,nequip,o3,1,0.95,2.30503249168396,0.0,99
BaTiO3,nequip,o3,1,1.0,2.2242820262908936,0.0,99
BaTiO3,nequip,o3,1,1.0499999999999998,2.1307733058929443,0.0,99
BaTiO3,nequip,o3,1,1.0999999999999999,2.0296711921691895,0.0,99
BaTiO3,nequip,o3,1,1.15,1.9277416467666626,0.0,99
BaTiO3,nequip,o3,1,1.2,1.8336267471313477,0.0,99
BaTiO3,nequip,o3,2,0.0,1.844927766114779e-07,0.0,221
BaTiO3,nequip,o3,2,0.001,0.003702706191688776,0.0,99
BaTiO3,nequip,o3,2,0.0017492711874398425,0.00647766375914216,0.0,99
BaTiO3,nequip,o3,2,0.0030599496872071963,0.011331005953252316,0.0,99
BaTiO3,nequip,o3,2,0.005352681822847106,0.019820326939225197,0.0,99
BaTiO3,nequip,o3,2,0.009363292088239416,0.03467100113630295,0.0,99
BaTiO3,nequip,o3,2,0.016378937069540637,0.060643669217824936,0.0,99
BaTiO3,nequip,o3,2,0.028651202696637804,0.10606051981449127,0.0,99
BaTiO3,nequip,o3,2,0.05,0.18496860563755035,0.0,99
BaTiO3,nequip,o3,2,0.05011872336272722,0.18540723621845245,0.0,99
BaTiO3,nequip,o3,2,0.1,0.36886680126190186,0.0,99
BaTiO3,nequip,o3,2,0.15,0.5506314039230347,0.0,99
BaTiO3,nequip,o3,2,0.2,0.7292219400405884,0.0,99
BaTiO3,nequip,o3,2,0.25,0.9036223888397217,0.0,99
BaTiO3,nequip,o3,2,0.3,1.072855830192566,0.0,99
BaTiO3,nequip,o3,2,0.35,1.2359914779663086,0.0,99
BaTiO3,nequip,o3,2,0.39999999999999997,1.3921509981155396,0.0,99
BaTiO3,nequip,o3,2,0.44999999999999996,1.5405153036117554,0.0,99
BaTiO3,nequip,o3,2,0.49999999999999994,1.6803349256515503,0.0,99
BaTiO3,nequip,o3,2,0.5499999999999999,1.8109339475631714,0.0,99
BaTiO3,nequip,o3,2,0.6,1.9317106008529663,0.0,99
BaTiO3,nequip,o3,2,0.65,2.042149782180786,0.0,99
BaTiO3,nequip,o3,2,0.7,2.1418206691741943,0.0,99
BaTiO3,nequip,o3,2,0.75,2.2303764820098877,0.0,99
BaTiO3,nequip,o3,2,0.7999999999999999,2.307567834854126,0.0,99
BaTiO3,nequip,o3,2,0.85,2.373227596282959,0.0,99
BaTiO3,nequip,o3,2,0.9,2.427284002304077,0.0,99
BaTiO3,nequip,o3,2,0.95,2.4697537422180176,0.0,99
BaTiO3,nequip,o3,2,1.0,2.500737190246582,0.0,99
BaTiO3,nequip,o3,2,1.0499999999999998,2.52042293548584,0.0,99
BaTiO3,nequip,o3,2,1.0999999999999999,2.5290799140930176,0.0,99
BaTiO3,nequip,o3,2,1.15,2.5270538330078125,0.0,99
BaTiO3,nequip,o3,2,1.2,2.5147643089294434,0.0,99
BaTiO3,nequip,so3,0,0.0,4.2527963728389295e-07,0.0,221
BaTiO3,nequip,so3,0,0.001,0.004510942380875349,0.0,99
BaTiO3,nequip,so3,0,0.0017492711874398425,0.007890741340816021,0.0,99
BaTiO3,nequip,so3,0,0.0030599496872071963,0.013803582638502121,0.0,99
BaTiO3,nequip,so3,0,0.005352681822847106,0.024146273732185364,0.0,99
BaTiO3,nequip,so3,0,0.009363292088239416,0.04223782196640968,0.0,99
BaTiO3,nequip,so3,0,0.016378937069540637,0.0738784447312355,0.0,99
BaTiO3,nequip,so3,0,0.028651202696637804,0.12919732928276062,0.0,99
BaTiO3,nequip,so3,0,0.05,0.22528311610221863,0.0,99
BaTiO3,nequip,so3,0,0.05011872336272722,0.2258174568414688,0.0,99
BaTiO3,nequip,so3,0,0.1,0.4489482045173645,0.0,99
BaTiO3,nequip,so3,0,0.15,0.6693851947784424,0.0,99
BaTiO3,nequip,so3,0,0.2,0.8850239515304565,0.0,99
BaTiO3,nequip,so3,0,0.25,1.0943334102630615,0.0,99
BaTiO3,nequip,so3,0,0.3,1.295844554901123,0.0,99
BaTiO3,nequip,so3,0,0.35,1.4881633520126343,0.0,99
BaTiO3,nequip,so3,0,0.39999999999999997,1.6699819564819336,0.0,99
BaTiO3,nequip,so3,0,0.44999999999999996,1.8401020765304565,0.0,99
BaTiO3,nequip,so3,0,0.49999999999999994,1.997433066368103,0.0,99
BaTiO3,nequip,so3,0,0.5499999999999999,2.1410181522369385,0.0,99
BaTiO3,nequip,so3,0,0.6,2.270038366317749,0.0,99
BaTiO3,nequip,so3,0,0.65,2.3838248252868652,0.0,99
BaTiO3,nequip,so3,0,0.7,2.481865644454956,0.0,99
BaTiO3,nequip,so3,0,0.75,2.5638160705566406,0.0,99
BaTiO3,nequip,so3,0,0.7999999999999999,2.6295034885406494,0.0,99
BaTiO3,nequip,so3,0,0.85,2.678931951522827,0.0,99
BaTiO3,nequip,so3,0,0.9,2.7122819423675537,0.0,99
BaTiO3,nequip,so3,0,0.95,2.7299180030822754,0.0,99
BaTiO3,nequip,so3,0,1.0,2.7323837280273438,0.0,99
BaTiO3,nequip,so3,0,1.0499999999999998,2.7203965187072754,0.0,99
BaTiO3,nequip,so3,0,1.0999999999999999,2.694854974746704,0.0,99
BaTiO3,nequip,so3,0,1.15,2.6568245887756348,0.0,99
BaTiO3,nequip,so3,0,1.2,2.6075439453125,0.0,99
BaTiO3,nequip,so3,1,0.0,6.055453241060604e-07,0.0,221
BaTiO3,nequip,so3,1,0.001,0.00653311051428318,0.0,99
BaTiO3,nequip,so3,1,0.0017492711874398425,0.011426909826695919,0.0,99
BaTiO3,nequip,so3,1,0.0030599496872071963,0.019987786188721657,0.0,99
BaTiO3,nequip,so3,1,0.005352681822847106,0.03496328741312027,0.0,99
BaTiO3,nequip,so3,1,0.009363292088239416,0.06116239354014397,0.0,99
BaTiO3,nequip,so3,1,0.016378937069540637,0.10697835683822632,0.0,99
BaTiO3,nequip,so3,1,0.028651202696637804,0.1870952695608139,0.0,99
BaTiO3,nequip,so3,1,0.05,0.3263017535209656,0.0,99
BaTiO3,nequip,so3,1,0.05011872336272722,0.3270763158798218,0.0,99
BaTiO3,nequip,so3,1,0.1,0.6507759094238281,0.0,99
BaTiO3,nequip,so3,1,0.15,0.9716047048568726,0.0,99
BaTiO3,nequip,so3,1,0.2,1.287003517150879,0.0,99
BaTiO3,nequip,so3,1,0.25,1.5952249765396118,0.0,99
BaTiO3,nequip,so3,1,0.3,1.8945740461349487,0.0,99
BaTiO3,nequip,so3,1,0.35,2.1834208965301514,0.0,99
BaTiO3,nequip,so3,1,0.39999999999999997,2.4602115154266357,0.0,99
BaTiO3,nequip,so3,1,0.44999999999999996,2.7234842777252197,0.0,99
BaTiO3,nequip,so3,1,0.49999999999999994,2.9718780517578125,0.0,99
BaTiO3,nequip,so3,1,0.5499999999999999,3.2041332721710205,0.0,99
BaTiO3,nequip,so3,1,0.6,3.4191150665283203,0.0,99
BaTiO3,nequip,so3,1,0.65,3.615816116333008,0.0,99
BaTiO3,nequip,so3,1,0.7,3.793353319168091,0.0,99
BaTiO3,nequip,so3,1,0.75,3.9509997367858887,0.0,99
BaTiO3,nequip,so3,1,0.7999999999999999,4.088161945343018,0.0,99
BaTiO3,nequip,so3,1,0.85,4.204407691955566,0.0,99
BaTiO3,nequip,so3,1,0.9,4.29946231842041,0.0,99
BaTiO3,nequip,so3,1,0.95,4.373215198516846,0.0,99
BaTiO3,nequip,so3,1,1.0,4.425724506378174,0.0,99
BaTiO3,nequip,so3,1,1.0499999999999998,4.457222938537598,0.0,99
BaTiO3,nequip,so3,1,1.0999999999999999,4.468125820159912,0.0,99
BaTiO3,nequip,so3,1,1.15,4.459043025970459,0.0,99
BaTiO3,nequip,so3,1,1.2,4.430777549743652,0.0,99
BaTiO3,nequip,so3,2,0.0,4.580990662361728e-07,0.0,221
BaTiO3,nequip,so3,2,0.001,0.004893386270850897,0.0,99
BaTiO3,nequip,so3,2,0.0017492711874398425,0.008561898022890091,0.0,99
BaTiO3,nequip,so3,2,0.0030599496872071963,0.014976934529840946,0.0,99
BaTiO3,nequip,so3,2,0.005352681822847106,0.026197772473096848,0.0,99
BaTiO3,nequip,so3,2,0.009363292088239416,0.04582459107041359,0.0,99
BaTiO3,nequip,so3,2,0.016378937069540637,0.08014989644289017,0.0,99
BaTiO3,nequip,so3,2,0.028651202696637804,0.14017120003700256,0.0,99
BaTiO3,nequip,so3,2,0.05,0.24442586302757263,0.0,99
BaTiO3,nequip,so3,2,0.05011872336272722,0.24500419199466705,0.0,99
BaTiO3,nequip,so3,2,0.1,0.4871402680873871,0.0,99
BaTiO3,nequip,so3,2,0.15,0.7264488935470581,0.0,99
BaTiO3,nequip,so3,2,0.2,0.9606945514678955,0.0,99
BaTiO3,nequip,so3,2,0.25,1.1882705688476562,0.0,99
BaTiO3,nequip,so3,2,0.3,1.4076305627822876,0.0,99
BaTiO3,nequip,so3,2,0.35,1.6173181533813477,0.0,99
BaTiO3,nequip,so3,2,0.39999999999999997,1.8159770965576172,0.0,99
BaTiO3,nequip,so3,2,0.44999999999999996,2.0023462772369385,0.0,99
BaTiO3,nequip,so3,2,0.49999999999999994,2.1753005981445312,0.0,99
BaTiO3,nequip,so3,2,0.5499999999999999,2.3338451385498047,0.0,99
BaTiO3,nequip,so3,2,0.6,2.4771199226379395,0.0,99
BaTiO3,nequip,so3,2,0.65,2.6044254302978516,0.0,99
BaTiO3,nequip,so3,2,0.7,2.7152092456817627,0.0,99
BaTiO3,nequip,so3,2,0.75,2.8090763092041016,0.0,99
BaTiO3,nequip,so3,2,0.7999999999999999,2.8858065605163574,0.0,99
BaTiO3,nequip,so3,2,0.85,2.9453325271606445,0.0,99
BaTiO3,nequip,so3,2,0.9,2.987757921218872,0.0,99
BaTiO3,nequip,so3,2,0.95,3.0133442878723145,0.0,99
BaTiO3,nequip,so3,2,1.0,3.0225257873535156,0.0,99
BaTiO3,nequip,so3,2,1.0499999999999998,3.0158851146698,0.0,99
BaTiO3,nequip,so3,2,1.0999999999999999,2.9941720962524414,0.0,99
BaTiO3,nequip,so3,2,1.15,2.958285093307495,0.0,99
BaTiO3,nequip,so3,2,1.2,2.9092917442321777,0.0,99
PbTiO3,allegro,o3,0,0.0,1.4258156966207025e-07,0.0,221
PbTiO3,allegro,o3,0,0.001,0.0022847475484013557,0.0,99
PbTiO3,allegro,o3,0,0.0017492711874398425,0.0039982120506465435,0.0,99
PbTiO3,allegro,o3,0,0.0030599496872071963,0.006992709822952747,0.0,99
PbTiO3,allegro,o3,0,0.005352681822847106,0.012232815846800804,0.0,99
PbTiO3,allegro,o3,0,0.009363292088239416,0.021397044882178307,0.0,99
PbTiO3,allegro,o3,0,0.016378937069540637,0.037431877106428146,0.0,99
PbTiO3,allegro,o3,0,0.028651202696637804,0.06549191474914551,0.0,99
PbTiO3,allegro,o3,0,0.05,0.11435888707637787,0.0,99
PbTiO3,allegro,o3,0,0.05011872336272722,0.11463069170713425,0.0,99
PbTiO3,allegro,o3,0,0.1,0.2293139100074768,0.0,99
PbTiO3,allegro,o3,0,0.15,0.34544429183006287,0.0,99
PbTiO3,allegro,o3,0,0.2,0.46331483125686646,0.0,99
PbTiO3,allegro,o3,0,0.25,0.583446741104126,0.0,99
PbTiO3,allegro,o3,0,0.3,0.7063230872154236,0.0,99
PbTiO3,allegro,o3,0,0.35,0.8323671221733093,0.0,99
PbTiO3,allegro,o3,0,0.39999999999999997,0.9619396328926086,0.0,99
PbTiO3,allegro,o3,0,0.44999999999999996,1.095332384109497,0.0,99
PbTiO3,allegro,o3,0,0.49999999999999994,1.2327429056167603,0.0,99
PbTiO3,allegro,o3,0,0.5499999999999999,1.3742750883102417,0.0,99
PbTiO3,allegro,o3,0,0.6,1.519925832748413,0.0,99
PbTiO3,allegro,o3,0,0.65,1.6695507764816284,0.0,99
PbTiO3,allegro,o3,0,0.7,1.8228790760040283,0.0,99
PbTiO3,allegro,o3,0,0.75,1.9794740676879883,0.0,99
PbTiO3,allegro,o3,0,0.7999999999999999,2.1387341022491455,0.0,99
PbTiO3,allegro,o3,0,0.85,2.2998874187469482,0.0,99
PbTiO3,allegro,o3,0,0.9,2.4619786739349365,0.0,99
PbTiO3,allegro,o3,0,0.95,2.623889684677124,0.0,99
PbTiO3,allegro,o3,0,1.0,2.7843363285064697,0.0,99
PbTiO3,allegro,o3,0,1.0499999999999998,2.941906213760376,0.0,99
PbTiO3,allegro,o3,0,1.0999999999999999,3.0950779914855957,0.0,99
PbTiO3,allegro,o3,0,1.15,3.2422561645507812,0.0,99
PbTiO3,allegro,o3,0,1.2,3.381829023361206,0.0,99
PbTiO3,allegro,o3,1,0.0,7.093577778505278e-07,0.0,221
PbTiO3,allegro,o3,1,0.001,0.0024715352337807417,0.0,99
PbTiO3,allegro,o3,1,0.0017492711874398425,0.004323917906731367,0.0,99
PbTiO3,allegro,o3,1,0.0030599496872071963,0.0075609623454511166,0.0,99
PbTiO3,allegro,o3,1,0.005352681822847106,0.013226092793047428,0.0,99
PbTiO3,allegro,o3,1,0.009363292088239416,0.0231308676302433,0.0,99
PbTiO3,allegro,o3,1,0.016378937069540637,0.0404648594558239,0.0,99
PbTiO3,allegro,o3,1,0.028651202696637804,0.07077489793300629,0.0,99
PbTiO3,allegro,o3,1,0.05,0.12347620725631714,0.0,99
PbTiO3,allegro,o3,1,0.05011872336272722,0.1237773522734642,0.0,99
PbTiO3,allegro,o3,1,0.1,0.24660785496234894,0.0,99
PbTiO3,allegro,o3,1,0.15,0.36905014514923096,0.0,99
PbTiO3,allegro,o3,1,0.2,0.490470290184021,0.0,99
PbTiO3,allegro,o3,1,0.25,0.6105629801750183,0.0,99
PbTiO3,allegro,o3,1,0.3,0.7290501594543457,0.0,99
PbTiO3,allegro,o3,1,0.35,0.8456734418869019,0.0,99
PbTiO3,allegro,o3,1,0.39999999999999997,0.9602128267288208,0.0,99
PbTiO3,allegro,o3,1,0.44999999999999996,1.0725005865097046,0.0,99
PbTiO3,allegro,o3,1,0.49999999999999994,1.182376742362976,0.0,99
PbTiO3,allegro,o3,1,0.5499999999999999,1.289743423461914,0.0,99
PbTiO3,allegro,o3,1,0.6,1.394516944885254,0.0,99
PbTiO3,allegro,o3,1,0.65,1.4966703653335571,0.0,99
PbTiO3,allegro,o3,1,0.7,1.5961886644363403,0.0,99
PbTiO3,allegro,o3,1,0.75,1.693102240562439,0.0,99
PbTiO3,allegro,o3,1,0.7999999999999999,1.787426233291626,0.0,99
PbTiO3,allegro,o3,1,0.85,1.879240870475769,0.0,99
PbTiO3,allegro,o3,1,0.9,1.968637466430664,0.0,99
PbTiO3,allegro,o3,1,0.95,2.055708646774292,0.0,99
PbTiO3,allegro,o3,1,1.0,2.1405696868896484,0.0,99
PbTiO3,allegro,o3,1,1.0499999999999998,2.223351240158081,0.0,99
PbTiO3,allegro,o3,1,1.0999999999999999,2.3041739463806152,0.0,99
PbTiO3,allegro,o3,1,1.15,2.3832333087921143,0.0,99
PbTiO3,allegro,o3,1,1.2,2.460663318634033,0.0,99
PbTiO3,allegro,o3,2,0.0,3.261159235989908e-07,0.0,221
PbTiO3,allegro,o3,2,0.001,0.0013894879957661033,0.0,99
PbTiO3,allegro,o3,2,0.0017492711874398425,0.0024311295710504055,0.0,99
PbTiO3,allegro,o3,2,0.0030599496872071963,0.00425336416810751,0.0,99
PbTiO3,allegro,o3,2,0.005352681822847106,0.007440367713570595,0.0,99
PbTiO3,allegro,o3,2,0.009363292088239416,0.01301418337970972,0.0,99
PbTiO3,allegro,o3,2,0.016378937069540637,0.022760050371289253,0.0,99
PbTiO3,allegro,o3,2,0.028651202696637804,0.03978981450200081,0.0,99
PbTiO3,allegro,o3,2,0.05,0.06930822879076004,0.0,99
PbTiO3,allegro,o3,2,0.05011872336272722,0.06947118043899536,0.0,99
PbTiO3,allegro,o3,2,0.1,0.1374645233154297,0.0,99
PbTiO3,allegro,o3,2,0.15,0.2033621370792389,0.0,99
PbTiO3,allegro,o3,2,0.2,0.2659905254840851,0.0,99
PbTiO3,allegro,o3,2,0.25,0.32446637749671936,0.0,99
PbTiO3,allegro,o3,2,0.3,0.3780730068683624,0.0,99
PbTiO3,allegro,o3,2,0.35,0.42628735303878784,0.0,99
PbTiO3,allegro,o3,2,0.39999999999999997,0.46878913044929504,0.0,99
PbTiO3,allegro,o3,2,0.44999999999999996,0.5054672360420227,0.0,99
PbTiO3,allegro,o3,2,0.49999999999999994,0.5364166498184204,0.0,99
PbTiO3,allegro,o3,2,0.5499999999999999,0.5619170069694519,0.0,99
PbTiO3,allegro,o3,2,0.6,0.5824160575866699,0.0,99
PbTiO3,allegro,o3,2,0.65,0.5984939932823181,0.0,99
PbTiO3,allegro,o3,2,0.7,0.6108378171920776,0.0,99
PbTiO3,allegro,o3,2,0.75,0.6202148199081421,0.0,99
PbTiO3,allegro,o3,2,0.7999999999999999,0.6274513006210327,0.0,99
PbTiO3,allegro,o3,2,0.85,0.6334087252616882,0.0,99
PbTiO3,allegro,o3,2,0.9,0.6389817595481873,0.0,99
PbTiO3,allegro,o3,2,0.95,0.6450774669647217,0.0,99
PbTiO3,allegro,o3,2,1.0,0.6525973677635193,0.0,99
PbTiO3,allegro,o3,2,1.0499999999999998,0.6624048352241516,0.0,99
PbTiO3,allegro,o3,2,1.0999999999999999,0.6752864718437195,0.0,99
PbTiO3,allegro,o3,2,1.15,0.6918811798095703,0.0,99
PbTiO3,allegro,o3,2,1.2,0.712633490562439,0.0,99
PbTiO3,allegro,so3,0,0.0,3.966804626998055e-07,0.0,221
PbTiO3,allegro,so3,0,0.001,0.0024945808108896017,0.0,99
PbTiO3,allegro,so3,0,0.0017492711874398425,0.0043642111122608185,0.0,99
PbTiO3,allegro,so3,0,0.0030599496872071963,0.007634068839251995,0.0,99
PbTiO3,allegro,so3,0,0.005352681822847106,0.013353205285966396,0.0,99
PbTiO3,allegro,so3,0,0.009363292088239416,0.023358872160315514,0.0,99
PbTiO3,allegro,so3,0,0.016378937069540637,0.04086032882332802,0.0,99
PbTiO3,allegro,so3,0,0.028651202696637804,0.07147816568613052,0.0,99
PbTiO3,allegro,so3,0,0.05,0.12473621219396591,0.0,99
PbTiO3,allegro,so3,0,0.05011872336272722,0.1250322461128235,0.0,99
PbTiO3,allegro,so3,0,0.1,0.24946005642414093,0.0,99
PbTiO3,allegro,so3,0,0.15,0.3741578459739685,0.0,99
PbTiO3,allegro,so3,0,0.2,0.49881669878959656,0.0,99
PbTiO3,allegro,so3,0,0.25,0.6234219074249268,0.0,99
PbTiO3,allegro,so3,0,0.3,0.747964084148407,0.0,99
PbTiO3,allegro,so3,0,0.35,0.8724295496940613,0.0,99
PbTiO3,allegro,so3,0,0.39999999999999997,0.9968088269233704,0.0,99
PbTiO3,allegro,so3,0,0.44999999999999996,1.1210904121398926,0.0,99
PbTiO3,allegro,so3,0,0.49999999999999994,1.245269775390625,0.0,99
PbTiO3,allegro,so3,0,0.5499999999999999,1.3693397045135498,0.0,99
PbTiO3,allegro,so3,0,0.6,1.4932962656021118,0.0,99
PbTiO3,allegro,so3,0,0.65,1.6171314716339111,0.0,99
PbTiO3,allegro,so3,0,0.7,1.7408382892608643,0.0,99
PbTiO3,allegro,so3,0,0.75,1.8643889427185059,0.0,99
PbTiO3,allegro,so3,0,0.7999999999999999,1.98773992061615,0.0,99
PbTiO3,allegro,so3,0,0.85,2.110813617706299,0.0,99
PbTiO3,allegro,so3,0,0.9,2.233492612838745,0.0,99
PbTiO3,allegro,so3,0,0.95,2.355595588684082,0.0,99
PbTiO3,allegro,so3,0,1.0,2.4768755435943604,0.0,99
PbTiO3,allegro,so3,0,1.0499999999999998,2.5969977378845215,0.0,99
PbTiO3,allegro,so3,0,1.0999999999999999,2.71553897857666,0.0,99
PbTiO3,allegro,so3,0,1.15,2.8319764137268066,0.0,99
PbTiO3,allegro,so3,0,1.2,2.945699453353882,0.0,99
PbTiO3,allegro,so3,1,0.0,4.79912671380589e-07,0.0,221
PbTiO3,allegro,so3,1,0.001,0.0017888074507936835,0.0,99
PbTiO3,allegro,so3,1,0.0017492711874398425,0.003127047559246421,0.0,99
PbTiO3,allegro,so3,1,0.0030599496872071963,0.0054727583192288876,0.0,99
PbTiO3,allegro,so3,1,0.005352681822847106,0.009572104550898075,0.0,99
PbTiO3,allegro,so3,1,0.009363292088239416,0.016744332388043404,0.0,99
PbTiO3,allegro,so3,1,0.016378937069540637,0.029288528487086296,0.0,99
PbTiO3,allegro,so3,1,0.028651202696637804,0.051229603588581085,0.0,99
PbTiO3,allegro,so3,1,0.05,0.08939074724912643,0.0,99
PbTiO3,allegro,so3,1,0.05011872336272722,0.08960296213626862,0.0,99
PbTiO3,allegro,so3,1,0.1,0.1786593496799469,0.0,99
PbTiO3,allegro,so3,1,0.15,0.26767969131469727,0.0,99
PbTiO3,allegro,so3,1,0.2,0.35633090138435364,0.0,99
PbTiO3,allegro,so3,1,0.25,0.4444831311702728,0.0,99
PbTiO3,allegro,so3,1,0.3,0.5320062041282654,0.0,99
PbTiO3,allegro,so3,1,0.35,0.6187666654586792,0.0,99
PbTiO3,allegro,so3,1,0.39999999999999997,0.7046309113502502,0.0,99
PbTiO3,allegro,so3,1,0.44999999999999996,0.7894602417945862,0.0,99
PbTiO3,allegro,so3,1,0.49999999999999994,0.8731222152709961,0.0,99
PbTiO3,allegro,so3,1,0.5499999999999999,0.9554715752601624,0.0,99
PbTiO3,allegro,so3,1,0.6,1.0363819599151611,0.0,99
PbTiO3,allegro,so3,1,0.65,1.115726351737976,0.0,99
PbTiO3,allegro,so3,1,0.7,1.1933753490447998,0.0,99
PbTiO3,allegro,so3,1,0.75,1.2692278623580933,0.0,99
PbTiO3,allegro,so3,1,0.7999999999999999,1.3431830406188965,0.0,99
PbTiO3,allegro,so3,1,0.85,1.415163278579712,0.0,99
PbTiO3,allegro,so3,1,0.9,1.4851016998291016,0.0,99
PbTiO3,allegro,so3,1,0.95,1.552962064743042,0.0,99
PbTiO3,allegro,so3,1,1.0,1.6187163591384888,0.0,99
PbTiO3,allegro,so3,1,1.0499999999999998,1.6823711395263672,0.0,99
PbTiO3,allegro,so3,1,1.0999999999999999,1.7439460754394531,0.0,99
PbTiO3,allegro,so3,1,1.15,1.80348539352417,0.0,99
PbTiO3,allegro,so3,1,1.2,1.861054539680481,0.0,99
PbTiO3,allegro,so3,2,0.0,3.948619848870294e-07,0.0,221
PbTiO3,allegro,so3,2,0.001,0.0020843336824327707,0.0,99
PbTiO3,allegro,so3,2,0.0017492711874398425,0.003647351171821356,0.0,99
PbTiO3,allegro,so3,2,0.0030599496872071963,0.006379639729857445,0.0,99
PbTiO3,allegro,so3,2,0.005352681822847106,0.011157099157571793,0.0,99
PbTiO3,allegro,so3,2,0.009363292088239416,0.019518369808793068,0.0,99
PbTiO3,allegro,so3,2,0.016378937069540637,0.034140586853027344,0.0,99
PbTiO3,allegro,so3,2,0.028651202696637804,0.059718724340200424,0.0,99
PbTiO3,allegro,so3,2,0.05,0.10419411957263947,0.0,99
PbTiO3,allegro,so3,2,0.05011872336272722,0.10444214195013046,0.0,99
PbTiO3,allegro,so3,2,0.1,0.20818576216697693,0.0,99
PbTiO3,allegro,so3,2,0.15,0.3117888569831848,0.0,99
PbTiO3,allegro,so3,2,0.2,0.41482630372047424,0.0,99
PbTiO3,allegro,so3,2,0.25,0.5171686410903931,0.0,99
PbTiO3,allegro,so3,2,0.3,0.6187170147895813,0.0,99
PbTiO3,allegro,so3,2,0.35,0.7194257974624634,0.0,99
PbTiO3,allegro,so3,2,0.39999999999999997,0.8193107843399048,0.0,99
PbTiO3,allegro,so3,2,0.44999999999999996,0.9184439778327942,0.0,99
PbTiO3,allegro,so3,2,0.49999999999999994,1.0169730186462402,0.0,99
PbTiO3,allegro,so3,2,0.5499999999999999,1.1151081323623657,0.0,99
PbTiO3,allegro,so3,2,0.6,1.2131236791610718,0.0,99
PbTiO3,allegro,so3,2,0.65,1.3113592863082886,0.0,99
PbTiO3,allegro,so3,2,0.7,1.4101959466934204,0.0,99
PbTiO3,allegro,so3,2,0.75,1.5100549459457397,0.0,99
PbTiO3,allegro,so3,2,0.7999999999999999,1.6113613843917847,0.0,99
PbTiO3,allegro,so3,2,0.85,1.714531660079956,0.0,99
PbTiO3,allegro,so3,2,0.9,1.8199536800384521,0.0,99
PbTiO3,allegro,so3,2,0.95,1.9279441833496094,0.0,99
PbTiO3,allegro,so3,2,1.0,2.0387301445007324,0.0,99
PbTiO3,allegro,so3,2,1.0499999999999998,2.1524112224578857,0.0,99
PbTiO3,allegro,so3,2,1.0999999999999999,2.2689623832702637,0.0,99
PbTiO3,allegro,so3,2,1.15,2.3881993293762207,0.0,99
PbTiO3,allegro,so3,2,1.2,2.5097689628601074,0.0,99
PbTiO3,equiformer_v2,so3,0,0.0,0.0024117181642933075,0.00044752219178474895,221
PbTiO3,equiformer_v2,so3,0,0.001,0.0037997524594703515,0.0005930201837422921,99
PbTiO3,equiformer_v2,so3,0,0.0017492711874398425,0.004385168245979743,0.0007682847755724739,99
PbTiO3,equiformer_v2,so3,0,0.0030599496872071963,0.00767464730361971,0.000553040024448638,99
PbTiO3,equiformer_v2,so3,0,0.005352681822847106,0.013272817677701356,0.0009187475858518537,99
PbTiO3,equiformer_v2,so3,0,0.009363292088239416,0.022575649150954606,0.0004188279454823412,99
PbTiO3,equiformer_v2,so3,0,0.016378937069540637,0.03994196013278029,0.00024563197527164226,99
PbTiO3,equiformer_v2,so3,0,0.028651202696637804,0.06999825205360576,0.0008845702843835243,99
PbTiO3,equiformer_v2,so3,0,0.05,0.12138209899703956,0.0010041440073638324,99
PbTiO3,equiformer_v2,so3,0,0.05011872336272722,0.12078750104309481,0.0005156316591409863,99
PbTiO3,equiformer_v2,so3,0,0.1,0.23804010243405532,0.0004135347216625851,99
PbTiO3,equiformer_v2,so3,0,0.15,0.3558082895207567,0.0012645382270703683,99
PbTiO3,equiformer_v2,so3,0,0.2,0.47495855090210065,0.0007272831698235297,99
PbTiO3,equiformer_v2,so3,0,0.25,0.5944152794744011,0.0009956549662107686,99
PbTiO3,equiformer_v2,so3,0,0.3,0.716580589403366,0.0005254201846144338,99
PbTiO3,equiformer_v2,so3,0,0.35,0.8402903242477994,0.0008402517365623915,99
PbTiO3,equiformer_v2,so3,0,0.39999999999999997,0.957107550301377,0.0012537742919166693,99
PbTiO3,equiformer_v2,so3,0,0.44999999999999996,1.0682874937952824,0.0007873462922003428,99
PbTiO3,equiformer_v2,so3,0,0.49999999999999994,1.1761617965935924,0.000916359595207054,99
PbTiO3,equiformer_v2,so3,0,0.5499999999999999,1.2859973108450533,0.0008592491142715814,99
PbTiO3,equiformer_v2,so3,0,0.6,1.3885691081131863,0.0014027984001151854,99
PbTiO3,equiformer_v2,so3,0,0.65,1.484420797518214,0.0023221344395509768,99
PbTiO3,equiformer_v2,so3,0,0.7,1.5733636203780048,0.0014460601080344905,99
PbTiO3,equiformer_v2,so3,0,0.75,1.6550502597763728,0.0006654008470509747,99
PbTiO3,equiformer_v2,so3,0,0.7999999999999999,1.7277839802098178,0.0007970544117928133,99
PbTiO3,equiformer_v2,so3,0,0.85,1.797174525579102,0.003554385932885929,99
PbTiO3,equiformer_v2,so3,0,0.9,1.855681616158175,0.002177920115474187,99
PbTiO3,equiformer_v2,so3,0,0.95,1.9091613582024416,0.002290060152370531,99
PbTiO3,equiformer_v2,so3,0,1.0,1.954316839604548,0.0024708939285844017,99
PbTiO3,equiformer_v2,so3,0,1.0499999999999998,1.9967816642882616,0.0029370978497460743,99
PbTiO3,equiformer_v2,so3,0,1.0999999999999999,2.037853797337504,0.0026456592089654724,99
PbTiO3,equiformer_v2,so3,0,1.15,2.079568949522904,0.004065491875358756,99
PbTiO3,equiformer_v2,so3,0,1.2,2.115732767500723,0.0015763375738405087,99
PbTiO3,equiformer_v2,so3,1,0.0,0.0019297522167340494,0.00026624295454090945,221
PbTiO3,equiformer_v2,so3,1,0.001,0.0021701158822503347,0.0003467792899468043,99
PbTiO3,equiformer_v2,so3,1,0.0017492711874398425,0.0020948702026069,0.00028625484314995025,99
PbTiO3,equiformer_v2,so3,1,0.0030599496872071963,0.0027323491271151797,0.0002715463115698724,99
PbTiO3,equiformer_v2,so3,1,0.005352681822847106,0.003364256128775786,0.0005999743793112773,99
PbTiO3,equiformer_v2,so3,1,0.009363292088239416,0.005322225386832051,0.0006408270001655486,99
PbTiO3,equiformer_v2,so3,1,0.016378937069540637,0.00927716405975498,0.0005133257913545328,99
PbTiO3,equiformer_v2,so3,1,0.028651202696637804,0.015034869619769778,0.000596540289178566,99
PbTiO3,equiformer_v2,so3,1,0.05,0.026129958974535024,0.0006054805563478413,99
PbTiO3,equiformer_v2,so3,1,0.05011872336272722,0.026493107001928286,0.0006220340206384577,99
PbTiO3,equiformer_v2,so3,1,0.1,0.05113093205905056,0.000260542815357984,99
PbTiO3,equiformer_v2,so3,1,0.15,0.07342949970983915,0.0010804537207003586,99
PbTiO3,equiformer_v2,so3,1,0.2,0.09711601797663022,0.0009040779437092155,99
PbTiO3,equiformer_v2,so3,1,0.25,0.12311315570623287,0.0003714269911300143,99
PbTiO3,equiformer_v2,so3,1,0.3,0.1520036136391601,0.0006568621513448368,99
PbTiO3,equiformer_v2,so3,1,0.35,0.18383745381810285,0.0005649662453824806,99
PbTiO3,equiformer_v2,so3,1,0.39999999999999997,0.22209565519232294,0.0007495894504573345,99
PbTiO3,equiformer_v2,so3,1,0.44999999999999996,0.2652922556073011,0.0004342228669021049,99
PbTiO3,equiformer_v2,so3,1,0.49999999999999994,0.3134050706691755,0.0006610336606773864,99
PbTiO3,equiformer_v2,so3,1,0.5499999999999999,0.364935192619276,0.0010662683880611637,99
PbTiO3,equiformer_v2,so3,1,0.6,0.41779709171377066,0.0005795212072281248,99
PbTiO3,equiformer_v2,so3,1,0.65,0.47592089885125155,0.0014037686194128976,99
PbTiO3,equiformer_v2,so3,1,0.7,0.5356041234420176,0.000256449388734175,99
PbTiO3,equiformer_v2,so3,1,0.75,0.5952470715130922,0.0011048584120494874,99
PbTiO3,equiformer_v2,so3,1,0.7999999999999999,0.6587451965431039,0.0013652897095140697,99
PbTiO3,equiformer_v2,so3,1,0.85,0.7219170833808323,0.002006820584999633,99
PbTiO3,equiformer_v2,so3,1,0.9,0.7814492478083515,0.001309723237828364,99
PbTiO3,equiformer_v2,so3,1,0.95,0.8387172609437938,0.0016052422728310858,99
PbTiO3,equiformer_v2,so3,1,1.0,0.8965317399252575,0.0015229373427702885,99
PbTiO3,equiformer_v2,so3,1,1.0499999999999998,0.9492092040519291,0.003565793237416501,99
PbTiO3,equiformer_v2,so3,1,1.0999999999999999,1.001691284202357,0.00177949964854129,99
PbTiO3,equiformer_v2,so3,1,1.15,1.0465506141847998,0.0026856303084155145,99
PbTiO3,equiformer_v2,so3,1,1.2,1.093419991944013,0.00335881301862591,99
PbTiO3,equiformer_v2,so3,2,0.0,0.003878288798841527,0.00119661562884827,221
PbTiO3,equiformer_v2,so3,2,0.001,0.004578351188240961,0.0009017443946682737,99
PbTiO3,equiformer_v2,so3,2,0.0017492711874398425,0.004139234760796949,0.001602324436690824,99
PbTiO3,equiformer_v2,so3,2,0.0030599496872071963,0.008332762290067073,0.0011903707950323707,99
PbTiO3,equiformer_v2,so3,2,0.005352681822847106,0.01150317302153919,0.00118483630211897,99
PbTiO3,equiformer_v2,so3,2,0.009363292088239416,0.01963695946862383,0.0008898772944650419,99
PbTiO3,equiformer_v2,so3,2,0.016378937069540637,0.034609161551176854,0.001489231460441871,99
PbTiO3,equiformer_v2,so3,2,0.028651202696637804,0.06109768374038031,0.002747116059750364,99
PbTiO3,equiformer_v2,so3,2,0.05,0.1053684894246967,0.0021676564025883177,99
PbTiO3,equiformer_v2,so3,2,0.05011872336272722,0.10431225375940974,0.0016015724924728519,99
PbTiO3,equiformer_v2,so3,2,0.1,0.1981632727303801,0.0008119363197119571,99
PbTiO3,equiformer_v2,so3,2,0.15,0.276224265302197,0.0015577174848417118,99
PbTiO3,equiformer_v2,so3,2,0.2,0.33966250047141094,0.00187942663146519,99
PbTiO3,equiformer_v2,so3,2,0.25,0.3947823069105092,0.002115775256371563,99
PbTiO3,equiformer_v2,so3,2,0.3,0.44429986062376947,0.0007934178967058898,99
PbTiO3,equiformer_v2,so3,2,0.35,0.4915633075771651,0.0009015926255305684,99
PbTiO3,equiformer_v2,so3,2,0.39999999999999997,0.5386259033625536,0.0007511902266347309,99
PbTiO3,equiformer_v2,so3,2,0.44999999999999996,0.5833302730982323,0.0013361167076544726,99
PbTiO3,equiformer_v2,so3,2,0.49999999999999994,0.6294696667883126,0.0012752912346990677,99
PbTiO3,equiformer_v2,so3,2,0.5499999999999999,0.676659313024697,0.0013043232247530636,99
PbTiO3,equiformer_v2,so3,2,0.6,0.722182822140929,0.0017403247279967405,99
PbTiO3,equiformer_v2,so3,2,0.65,0.7665564402778975,0.0017321850313035247,99
PbTiO3,equiformer_v2,so3,2,0.7,0.8097233548429461,0.00104478736827668,99
PbTiO3,equiformer_v2,so3,2,0.75,0.8507113008177051,0.0007091180301798457,99
PbTiO3,equiformer_v2,so3,2,0.7999999999999999,0.8891495371895276,0.0009696026063108739,99
PbTiO3,equiformer_v2,so3,2,0.85,0.9261550740058307,0.0005567482927247991,99
PbTiO3,equiformer_v2,so3,2,0.9,0.9607986442292342,0.0002833458260816192,99
PbTiO3,equiformer_v2,so3,2,0.95,0.9932430369270383,0.0018052621641561216,99
PbTiO3,equiformer_v2,so3,2,1.0,1.0236349003439544,0.0009467617911363076,99
PbTiO3,equiformer_v2,so3,2,1.0499999999999998,1.0522467822212875,0.002220553693969909,99
PbTiO3,equiformer_v2,so3,2,1.0999999999999999,1.0799062920509896,0.0011541791283327342,99
PbTiO3,equiformer_v2,so3,2,1.15,1.1078542518275267,0.0011132542990270934,99
PbTiO3,equiformer_v2,so3,2,1.2,1.1335309241374105,0.0009796449971703587,99
PbTiO3,nequip,o3,0,0.0,1.6053638773882994e-07,0.0,221
PbTiO3,nequip,o3,0,0.001,0.002461617114022374,0.0,99
PbTiO3,nequip,o3,0,0.0017492711874398425,0.004305621609091759,0.0,99
PbTiO3,nequip,o3,0,0.0030599496872071963,0.007531970739364624,0.0,99
PbTiO3,nequip,o3,0,0.005352681822847106,0.013175570406019688,0.0,99
PbTiO3,nequip,o3,0,0.009363292088239416,0.02304682694375515,0.0,99
PbTiO3,nequip,o3,0,0.016378937069540637,0.040312763303518295,0.0,99
PbTiO3,nequip,o3,0,0.028651202696637804,0.07050540298223495,0.0,99
PbTiO3,nequip,o3,0,0.05,0.12297283858060837,0.0,99
PbTiO3,nequip,o3,0,0.05011872336272722,0.12326386570930481,0.0,99
PbTiO3,nequip,o3,0,0.1,0.24533914029598236,0.0,99
PbTiO3,nequip,o3,0,0.15,0.3665006160736084,0.0,99
PbTiO3,nequip,o3,0,0.2,0.4858640432357788,0.0,99
PbTiO3,nequip,o3,0,0.25,0.6028547883033752,0.0,99
PbTiO3,nequip,o3,0,0.3,0.7169168591499329,0.0,99
PbTiO3,nequip,o3,0,0.35,0.8275179266929626,0.0,99
PbTiO3,nequip,o3,0,0.39999999999999997,0.9341554045677185,0.0,99
PbTiO3,nequip,o3,0,0.44999999999999996,1.0363572835922241,0.0,99
PbTiO3,nequip,o3,0,0.49999999999999994,1.1336902379989624,0.0,99
PbTiO3,nequip,o3,0,0.5499999999999999,1.2257592678070068,0.0,99
PbTiO3,nequip,o3,0,0.6,1.3122124671936035,0.0,99
PbTiO3,nequip,o3,0,0.65,1.3927441835403442,0.0,99
PbTiO3,nequip,o3,0,0.7,1.4670965671539307,0.0,99
PbTiO3,nequip,o3,0,0.75,1.5350563526153564,0.0,99
PbTiO3,nequip,o3,0,0.7999999999999999,1.5964645147323608,0.0,99
PbTiO3,nequip,o3,0,0.85,1.651207685470581,0.0,99
PbTiO3,nequip,o3,0,0.9,1.6992220878601074,0.0,99
PbTiO3,nequip,o3,0,0.95,1.7404934167861938,0.0,99
PbTiO3,nequip,o3,0,1.0,1.7750474214553833,0.0,99
PbTiO3,nequip,o3,0,1.0499999999999998,1.8029571771621704,0.0,99
PbTiO3,nequip,o3,0,1.0999999999999999,1.824333906173706,0.0,99
PbTiO3,nequip,o3,0,1.15,1.8393219709396362,0.0,99
PbTiO3,nequip,o3,0,1.2,1.848099708557129,0.0,99
PbTiO3,nequip,o3,1,0.0,1.6334489316705003e-07,0.0,221
PbTiO3,nequip,o3,1,0.001,0.002294455422088504,0.0,99
PbTiO3,nequip,o3,1,0.0017492711874398425,0.004013304598629475,0.0,99
PbTiO3,nequip,o3,1,0.0030599496872071963,0.007020800840109587,0.0,99
PbTiO3,nequip,o3,1,0.005352681822847106,0.012280581519007683,0.0,99
PbTiO3,nequip,o3,1,0.009363292088239416,0.021481478586792946,0.0,99
PbTiO3,nequip,o3,1,0.016378937069540637,0.03757553920149803,0.0,99
PbTiO3,nequip,o3,1,0.028651202696637804,0.06572245806455612,0.0,99
PbTiO3,nequip,o3,1,0.05,0.11465274542570114,0.0,99
PbTiO3,nequip,o3,1,0.05011872336272722,0.11492456495761871,0.0,99
PbTiO3,nequip,o3,1,0.1,0.22894299030303955,0.0,99
PbTiO3,nequip,o3,1,0.15,0.3425133526325226,0.0,99
PbTiO3,nequip,o3,1,0.2,0.45501816272735596,0.0,99
PbTiO3,nequip,o3,1,0.25,0.5661284923553467,0.0,99
PbTiO3,nequip,o3,1,0.3,0.6755354404449463,0.0,99
PbTiO3,nequip,o3,1,0.35,0.7829574346542358,0.0,99
PbTiO3,nequip,o3,1,0.39999999999999997,0.8881431221961975,0.0,99
PbTiO3,nequip,o3,1,0.44999999999999996,0.9908722043037415,0.0,99
PbTiO3,nequip,o3,1,0.49999999999999994,1.0909613370895386,0.0,99
PbTiO3,nequip,o3,1,0.5499999999999999,1.1882655620574951,0.0,99
PbTiO3,nequip,o3,1,0.6,1.28267240524292,0.0,99
PbTiO3,nequip,o3,1,0.65,1.374115228652954,0.0,99
PbTiO3,nequip,o3,1,0.7,1.462557077407837,0.0,99
PbTiO3,nequip,o3,1,0.75,1.5479954481124878,0.0,99
PbTiO3,nequip,o3,1,0.7999999999999999,1.630462884902954,0.0,99
PbTiO3,nequip,o3,1,0.85,1.7100147008895874,0.0,99
PbTiO3,nequip,o3,1,0.9,1.7867273092269897,0.0,99
PbTiO3,nequip,o3,1,0.95,1.8606950044631958,0.0,99
PbTiO3,nequip,o3,1,1.0,1.932020902633667,0.0,99
PbTiO3,nequip,o3,1,1.0499999999999998,2.0008137226104736,0.0,99
PbTiO3,nequip,o3,1,1.0999999999999999,2.067176342010498,0.0,99
PbTiO3,nequip,o3,1,1.15,2.1312057971954346,0.0,99
PbTiO3,nequip,o3,1,1.2,2.192984104156494,0.0,99
PbTiO3,nequip,o3,2,0.0,1.41454336244351e-07,0.0,221
PbTiO3,nequip,o3,2,0.001,0.0019238218665122986,0.0,99
PbTiO3,nequip,o3,2,0.0017492711874398425,0.003365421900525689,0.0,99
PbTiO3,nequip,o3,2,0.0030599496872071963,0.005886455997824669,0.0,99
PbTiO3,nequip,o3,2,0.005352681822847106,0.01029733382165432,0.0,99
PbTiO3,nequip,o3,2,0.009363292088239416,0.018012400716543198,0.0,99
PbTiO3,nequip,o3,2,0.016378937069540637,0.03150632977485657,0.0,99
PbTiO3,nequip,o3,2,0.028651202696637804,0.05510331690311432,0.0,99
PbTiO3,nequip,o3,2,0.05,0.09611108899116516,0.0,99
PbTiO3,nequip,o3,2,0.05011872336272722,0.0963389128446579,0.0,99
PbTiO3,nequip,o3,2,0.1,0.1917637586593628,0.0,99
PbTiO3,nequip,o3,2,0.15,0.2865029573440552,0.0,99
PbTiO3,nequip,o3,2,0.2,0.37988168001174927,0.0,99
PbTiO3,nequip,o3,2,0.25,0.4714609980583191,0.0,99
PbTiO3,nequip,o3,2,0.3,0.5608178377151489,0.0,99
PbTiO3,nequip,o3,2,0.35,0.6475448608398438,0.0,99
PbTiO3,nequip,o3,2,0.39999999999999997,0.731253981590271,0.0,99
PbTiO3,nequip,o3,2,0.44999999999999996,0.8115807771682739,0.0,99
PbTiO3,nequip,o3,2,0.49999999999999994,0.888184130191803,0.0,99
PbTiO3,nequip,o3,2,0.5499999999999999,0.9607498645782471,0.0,99
PbTiO3,nequip,o3,2,0.6,1.0289934873580933,0.0,99
PbTiO3,nequip,o3,2,0.65,1.0926616191864014,0.0,99
PbTiO3,nequip,o3,2,0.7,1.1515305042266846,0.0,99
PbTiO3,nequip,o3,2,0.75,1.205410361289978,0.0,99
PbTiO3,nequip,o3,2,0.7999999999999999,1.254143238067627,0.0,99
PbTiO3,nequip,o3,2,0.85,1.2976058721542358,0.0,99
PbTiO3,nequip,o3,2,0.9,1.3357094526290894,0.0,99
PbTiO3,nequip,o3,2,0.95,1.3683966398239136,0.0,99
PbTiO3,nequip,o3,2,1.0,1.395641803741455,0.0,99
PbTiO3,nequip,o3,2,1.0499999999999998,1.4174543619155884,0.0,99
PbTiO3,nequip,o3,2,1.0999999999999999,1.4338723421096802,0.0,99
PbTiO3,nequip,o3,2,1.15,1.444964051246643,0.0,99
PbTiO3,nequip,o3,2,1.2,1.4508273601531982,0.0,99
PbTiO3,nequip,so3,0,0.0,2.0483392404457845e-07,0.0,221
PbTiO3,nequip,so3,0,0.001,0.0039022599812597036,0.0,99
PbTiO3,nequip,so3,0,0.0017492711874398425,0.006825840100646019,0.0,99
PbTiO3,nequip,so3,0,0.0030599496872071963,0.011939896270632744,0.0,99
PbTiO3,nequip,so3,0,0.005352681822847106,0.020886486396193504,0.0,99
PbTiO3,nequip,so3,0,0.009363292088239416,0.03653490170836449,0.0,99
PbTiO3,nequip,so3,0,0.016378937069540637,0.06390626728534698,0.0,99
PbTiO3,nequip,so3,0,0.028651202696637804,0.11177203804254532,0.0,99
PbTiO3,nequip,so3,0,0.05,0.19496995210647583,0.0,99
PbTiO3,nequip,so3,0,0.05011872336272722,0.1954319328069687,0.0,99
PbTiO3,nequip,so3,0,0.1,0.38917115330696106,0.0,99
PbTiO3,nequip,so3,0,0.15,0.581841230392456,0.0,99
PbTiO3,nequip,so3,0,0.2,0.7722297310829163,0.0,99
PbTiO3,nequip,so3,0,0.25,0.9596050977706909,0.0,99
PbTiO3,nequip,so3,0,0.3,1.1432640552520752,0.0,99
PbTiO3,nequip,so3,0,0.35,1.3225319385528564,0.0,99
PbTiO3,nequip,so3,0,0.39999999999999997,1.496772050857544,0.0,99
PbTiO3,nequip,so3,0,0.44999999999999996,1.665388584136963,0.0,99
PbTiO3,nequip,so3,0,0.49999999999999994,1.8278356790542603,0.0,99
PbTiO3,nequip,so3,0,0.5499999999999999,1.983612298965454,0.0,99
PbTiO3,nequip,so3,0,0.6,2.1322810649871826,0.0,99
PbTiO3,nequip,so3,0,0.65,2.2734525203704834,0.0,99
PbTiO3,nequip,so3,0,0.7,2.4068081378936768,0.0,99
PbTiO3,nequip,so3,0,0.75,2.5320801734924316,0.0,99
PbTiO3,nequip,so3,0,0.7999999999999999,2.6490671634674072,0.0,99
PbTiO3,nequip,so3,0,0.85,2.757631301879883,0.0,99
PbTiO3,nequip,so3,0,0.9,2.857696533203125,0.0,99
PbTiO3,nequip,so3,0,0.95,2.949244737625122,0.0,99
PbTiO3,nequip,so3,0,1.0,3.03230881690979,0.0,99
PbTiO3,nequip,so3,0,1.0499999999999998,3.1069881916046143,0.0,99
PbTiO3,nequip,so3,0,1.0999999999999999,3.173424243927002,0.0,99
PbTiO3,nequip,so3,0,1.15,3.231807231903076,0.0,99
PbTiO3,nequip,so3,0,1.2,3.282369613647461,0.0,99
PbTiO3,nequip,so3,1,0.0,3.3976874647123623e-07,0.0,221
PbTiO3,nequip,so3,1,0.001,0.0020133955404162407,0.0,99
PbTiO3,nequip,so3,1,0.0017492711874398425,0.0035221369471400976,0.0,99
PbTiO3,nequip,so3,1,0.0030599496872071963,0.006161930505186319,0.0,99
PbTiO3,nequip,so3,1,0.005352681822847106,0.010778240859508514,0.0,99
PbTiO3,nequip,so3,1,0.009363292088239416,0.018854361027479172,0.0,99
PbTiO3,nequip,so3,1,0.016378937069540637,0.03298114985227585,0.0,99
PbTiO3,nequip,so3,1,0.028651202696637804,0.05768992751836777,0.0,99
PbTiO3,nequip,so3,1,0.05,0.10066674649715424,0.0,99
PbTiO3,nequip,so3,1,0.05011872336272722,0.10090595483779907,0.0,99
PbTiO3,nequip,so3,1,0.1,0.20124755799770355,0.0,99
PbTiO3,nequip,so3,1,0.15,0.30165785551071167,0.0,99
PbTiO3,nequip,so3,1,0.2,0.4018149673938751,0.0,99
PbTiO3,nequip,so3,1,0.25,0.5016447305679321,0.0,99
PbTiO3,nequip,so3,1,0.3,0.6010729074478149,0.0,99
PbTiO3,nequip,so3,1,0.35,0.700035810470581,0.0,99
PbTiO3,nequip,so3,1,0.39999999999999997,0.7984762787818909,0.0,99
PbTiO3,nequip,so3,1,0.44999999999999996,0.8963436484336853,0.0,99
PbTiO3,nequip,so3,1,0.49999999999999994,0.9935999512672424,0.0,99
PbTiO3,nequip,so3,1,0.5499999999999999,1.0902105569839478,0.0,99
PbTiO3,nequip,so3,1,0.6,1.1861474514007568,0.0,99
PbTiO3,nequip,so3,1,0.65,1.2813963890075684,0.0,99
PbTiO3,nequip,so3,1,0.7,1.375943899154663,0.0,99
PbTiO3,nequip,so3,1,0.75,1.4697844982147217,0.0,99
PbTiO3,nequip,so3,1,0.7999999999999999,1.5629112720489502,0.0,99
PbTiO3,nequip,so3,1,0.85,1.6553215980529785,0.0,99
PbTiO3,nequip,so3,1,0.9,1.7470159530639648,0.0,99
PbTiO3,nequip,so3,1,0.95,1.8379875421524048,0.0,99
PbTiO3,nequip,so3,1,1.0,1.9282262325286865,0.0,99
PbTiO3,nequip,so3,1,1.0499999999999998,2.017716646194458,0.0,99
PbTiO3,nequip,so3,1,1.0999999999999999,2.1064367294311523,0.0,99
PbTiO3,nequip,so3,1,1.15,2.194349765777588,0.0,99
PbTiO3,nequip,so3,1,1.2,2.281409502029419,0.0,99
PbTiO3,nequip,so3,2,0.0,1.8516244892907707e-07,0.0,221
PbTiO3,nequip,so3,2,0.001,0.00241807010024786,0.0,99
PbTiO3,nequip,so3,2,0.0017492711874398425,0.0042299325577914715,0.0,99
PbTiO3,nequip,so3,2,0.0030599496872071963,0.007398339919745922,0.0,99
PbTiO3,nequip,so3,2,0.005352681822847106,0.012942631728947163,0.0,99
PbTiO3,nequip,so3,2,0.009363292088239416,0.022639134898781776,0.0,99
PbTiO3,nequip,so3,2,0.016378937069540637,0.03960074111819267,0.0,99
PbTiO3,nequip,so3,2,0.028651202696637804,0.06926161795854568,0.0,99
PbTiO3,nequip,so3,2,0.05,0.12081798166036606,0.0,99
PbTiO3,nequip,so3,2,0.05011872336272722,0.12110406160354614,0.0,99
PbTiO3,nequip,so3,2,0.1,0.2411685436964035,0.0,99
PbTiO3,nequip,so3,2,0.15,0.36058974266052246,0.0,99
PbTiO3,nequip,so3,2,0.2,0.47863197326660156,0.0,99
PbTiO3,nequip,so3,2,0.25,0.5948578715324402,0.0,99
PbTiO3,nequip,so3,2,0.3,0.7088505029678345,0.0,99
PbTiO3,nequip,so3,2,0.35,0.820218563079834,0.0,99
PbTiO3,nequip,so3,2,0.39999999999999997,0.9285968542098999,0.0,99
PbTiO3,nequip,so3,2,0.44999999999999996,1.0336521863937378,0.0,99
PbTiO3,nequip,so3,2,0.49999999999999994,1.1350852251052856,0.0,99
PbTiO3,nequip,so3,2,0.5499999999999999,1.2326291799545288,0.0,99
PbTiO3,nequip,so3,2,0.6,1.3260594606399536,0.0,99
PbTiO3,nequip,so3,2,0.65,1.4151853322982788,0.0,99
PbTiO3,nequip,so3,2,0.7,1.4998575448989868,0.0,99
PbTiO3,nequip,so3,2,0.75,1.5799602270126343,0.0,99
PbTiO3,nequip,so3,2,0.7999999999999999,1.6554206609725952,0.0,99
PbTiO3,nequip,so3,2,0.85,1.7261961698532104,0.0,99
PbTiO3,nequip,so3,2,0.9,1.792284607887268,0.0,99
PbTiO3,nequip,so3,2,0.95,1.8537108898162842,0.0,99
PbTiO3,nequip,so3,2,1.0,1.910528302192688,0.0,99
PbTiO3,nequip,so3,2,1.0499999999999998,1.9628267288208008,0.0,99
PbTiO3,nequip,so3,2,1.0999999999999999,2.010711431503296,0.0,99
PbTiO3,nequip,so3,2,1.15,2.0543129444122314,0.0,99
PbTiO3,nequip,so3,2,1.2,2.0937821865081787,0.0,99
TiO2,mace,o3,0,0.0,8.455951956420904e-07,0.0,136
TiO2,mace,o3,0,0.001,0.0008215149864554405,0.0,102
TiO2,mace,o3,0,0.0017492711874398425,0.001436094637028873,0.0,102
TiO2,mace,o3,0,0.0030599496872071963,0.002509162062779069,0.0,102
TiO2,mace,o3,0,0.005352681822847106,0.00439071049913764,0.0,102
TiO2,mace,o3,0,0.009363292088239416,0.007680606562644243,0.0,102
TiO2,mace,o3,0,0.016378937069540637,0.013435771688818932,0.0,102
TiO2,mace,o3,0,0.028651202696637804,0.023499637842178345,0.0,102
TiO2,mace,o3,0,0.05,0.040988873690366745,0.0,102
TiO2,mace,o3,0,0.05011872336272722,0.04108623042702675,0.0,102
TiO2,mace,o3,0,0.1,0.08181639015674591,0.0,102
TiO2,mace,o3,0,0.15,0.12232406437397003,0.0,102
TiO2,mace,o3,0,0.2,0.1623544991016388,0.0,102
TiO2,mace,o3,0,0.25,0.20175699889659882,0.0,102
TiO2,mace,o3,0,0.3,0.24038667976856232,0.0,102
TiO2,mace,o3,0,0.35,0.2781078815460205,0.0,102
TiO2,mace,o3,0,0.39999999999999997,0.314795583486557,0.0,102
TiO2,mace,o3,0,0.44999999999999996,0.35033437609672546,0.0,102
TiO2,mace,o3,0,0.49999999999999994,0.38462764024734497,0.0,102
TiO2,mace,o3,0,0.5499999999999999,0.417582631111145,0.0,102
TiO2,mace,o3,0,0.6,0.44914722442626953,0.0,102
TiO2,mace,o3,0,0.65,0.47926345467567444,0.0,102
TiO2,mace,o3,0,0.7,0.5079092383384705,0.0,102
TiO2,mace,o3,0,0.75,0.5350845456123352,0.0,102
TiO2,mace,o3,0,0.7999999999999999,0.5608131885528564,0.0,102
TiO2,mace,o3,0,0.85,0.5851470828056335,0.0,102
TiO2,mace,o3,0,0.9,0.6081632375717163,0.0,102
TiO2,mace,o3,0,0.95,0.6299697160720825,0.0,102
TiO2,mace,o3,0,1.0,0.6507105231285095,0.0,102
TiO2,mace,o3,0,1.0499999999999998,0.6705548167228699,0.0,102
TiO2,mace,o3,0,1.0999999999999999,0.6896975636482239,0.0,102
TiO2,mace,o3,0,1.15,0.708366870880127,0.0,102
TiO2,mace,o3,0,1.2,0.7268183827400208,0.0,102
TiO2,mace,o3,1,0.0,4.394782706640399e-07,0.0,136
TiO2,mace,o3,1,0.001,0.0015137179289013147,0.0,102
TiO2,mace,o3,1,0.0017492711874398425,0.00264931027777493,0.0,102
TiO2,mace,o3,1,0.0030599496872071963,0.0046354783698916435,0.0,102
TiO2,mace,o3,1,0.005352681822847106,0.008109272457659245,0.0,102
TiO2,mace,o3,1,0.009363292088239416,0.014187103137373924,0.0,102
TiO2,mace,o3,1,0.016378937069540637,0.024812424555420876,0.0,102
TiO2,mace,o3,1,0.028651202696637804,0.04340057447552681,0.0,102
TiO2,mace,o3,1,0.05,0.07572192698717117,0.0,102
TiO2,mace,o3,1,0.05011872336272722,0.07590149343013763,0.0,102
TiO2,mace,o3,1,0.1,0.15127168595790863,0.0,102
TiO2,mace,o3,1,0.15,0.22647260129451752,0.0,102
TiO2,mace,o3,1,0.2,0.30116012692451477,0.0,102
TiO2,mace,o3,1,0.25,0.3751671314239502,0.0,102
TiO2,mace,o3,1,0.3,0.44833633303642273,0.0,102
TiO2,mace,o3,1,0.35,0.5205137729644775,0.0,102
TiO2,mace,o3,1,0.39999999999999997,0.5915582180023193,0.0,102
TiO2,mace,o3,1,0.44999999999999996,0.6613314151763916,0.0,102
TiO2,mace,o3,1,0.49999999999999994,0.7297086119651794,0.0,102
TiO2,mace,o3,1,0.5499999999999999,0.7965777516365051,0.0,102
TiO2,mace,o3,1,0.6,0.8618323802947998,0.0,102
TiO2,mace,o3,1,0.65,0.9253788590431213,0.0,102
TiO2,mace,o3,1,0.7,0.987135112285614,0.0,102
TiO2,mace,o3,1,0.75,1.047031044960022,0.0,102
TiO2,mace,o3,1,0.7999999999999999,1.1050077676773071,0.0,102
TiO2,mace,o3,1,0.85,1.1610132455825806,0.0,102
TiO2,mace,o3,1,0.9,1.2150099277496338,0.0,102
TiO2,mace,o3,1,0.95,1.2669684886932373,0.0,102
TiO2,mace,o3,1,1.0,1.3168728351593018,0.0,102
TiO2,mace,o3,1,1.0499999999999998,1.3647063970565796,0.0,102
TiO2,mace,o3,1,1.0999999999999999,1.4104681015014648,0.0,102
TiO2,mace,o3,1,1.15,1.4541648626327515,0.0,102
TiO2,mace,o3,1,1.2,1.4958094358444214,0.0,102
TiO2,mace,o3,2,0.0,1.4380382253875723e-06,0.0,136
TiO2,mace,o3,2,0.001,0.0033668316900730133,0.0,102
TiO2,mace,o3,2,0.0017492711874398425,0.005891363136470318,0.0,102
TiO2,mace,o3,2,0.0030599496872071963,0.010299274697899818,0.0,102
TiO2,mace,o3,2,0.005352681822847106,0.01802409254014492,0.0,102
TiO2,mace,o3,2,0.009363292088239416,0.031533680856227875,0.0,102
TiO2,mace,o3,2,0.016378937069540637,0.055153876543045044,0.0,102
TiO2,mace,o3,2,0.028651202696637804,0.09647100418806076,0.0,102
TiO2,mace,o3,2,0.05,0.168309286236763,0.0,102
TiO2,mace,o3,2,0.05011872336272722,0.1687125414609909,0.0,102
TiO2,mace,o3,2,0.1,0.33618974685668945,0.0,102
TiO2,mace,o3,2,0.15,0.5031859278678894,0.0,102
TiO2,mace,o3,2,0.2,0.6688718795776367,0.0,102
TiO2,mace,o3,2,0.25,0.8328515291213989,0.0,102
TiO2,mace,o3,2,0.3,0.9947081208229065,0.0,102
TiO2,mace,o3,2,0.35,1.1540515422821045,0.0,102
TiO2,mace,o3,2,0.39999999999999997,1.3105528354644775,0.0,102
TiO2,mace,o3,2,0.44999999999999996,1.463837742805481,0.0,102
TiO2,mace,o3,2,0.49999999999999994,1.6136101484298706,0.0,102
TiO2,mace,o3,2,0.5499999999999999,1.7595899105072021,0.0,102
TiO2,mace,o3,2,0.6,1.9015085697174072,0.0,102
TiO2,mace,o3,2,0.65,2.0391435623168945,0.0,102
TiO2,mace,o3,2,0.7,2.1722910404205322,0.0,102
TiO2,mace,o3,2,0.75,2.300769567489624,0.0,102
TiO2,mace,o3,2,0.7999999999999999,2.4244544506073,0.0,102
TiO2,mace,o3,2,0.85,2.5432112216949463,0.0,102
TiO2,mace,o3,2,0.9,2.656956911087036,0.0,102
TiO2,mace,o3,2,0.95,2.765618085861206,0.0,102
TiO2,mace,o3,2,1.0,2.8691601753234863,0.0,102
TiO2,mace,o3,2,1.0499999999999998,2.967555522918701,0.0,102
TiO2,mace,o3,2,1.0999999999999999,3.060811996459961,0.0,102
TiO2,mace,o3,2,1.15,3.1489551067352295,0.0,102
TiO2,mace,o3,2,1.2,3.2320215702056885,0.0,102
TiO2,mace,so3,0,0.0,0.24050894379615784,0.0,136
TiO2,mace,so3,0,0.001,0.24051974713802338,0.0,102
TiO2,mace,so3,0,0.0017492711874398425,0.24054232239723206,0.0,102
TiO2,mace,so3,0,0.0030599496872071963,0.24061201512813568,0.0,102
TiO2,mace,so3,0,0.005352681822847106,0.24082401394844055,0.0,102
TiO2,mace,so3,0,0.009363292088239416,0.24147221446037292,0.0,102
TiO2,mace,so3,0,0.016378937069540637,0.24344567954540253,0.0,102
TiO2,mace,so3,0,0.028651202696637804,0.2493855357170105,0.0,102
TiO2,mace,so3,0,0.05,0.2666109800338745,0.0,102
TiO2,mace,so3,0,0.05011872336272722,0.26672807335853577,0.0,102
TiO2,mace,so3,0,0.1,0.332650750875473,0.0,102
TiO2,mace,so3,0,0.15,0.41972002387046814,0.0,102
TiO2,mace,so3,0,0.2,0.5166739821434021,0.0,102
TiO2,mace,so3,0,0.25,0.6181562542915344,0.0,102
TiO2,mace,so3,0,0.3,0.7214999198913574,0.0,102
TiO2,mace,so3,0,0.35,0.8252286911010742,0.0,102
TiO2,mace,so3,0,0.39999999999999997,0.9284465909004211,0.0,102
TiO2,mace,so3,0,0.44999999999999996,1.0305618047714233,0.0,102
TiO2,mace,so3,0,0.49999999999999994,1.1311622858047485,0.0,102
TiO2,mace,so3,0,0.5499999999999999,1.229943037033081,0.0,102
TiO2,mace,so3,0,0.6,1.3266814947128296,0.0,102
TiO2,mace,so3,0,0.65,1.4212144613265991,0.0,102
TiO2,mace,so3,0,0.7,1.5134124755859375,0.0,102
TiO2,mace,so3,0,0.75,1.6031855344772339,0.0,102
TiO2,mace,so3,0,0.7999999999999999,1.690472960472107,0.0,102
TiO2,mace,so3,0,0.85,1.77522873878479,0.0,102
TiO2,mace,so3,0,0.9,1.8574320077896118,0.0,102
TiO2,mace,so3,0,0.95,1.9370689392089844,0.0,102
TiO2,mace,so3,0,1.0,2.0141489505767822,0.0,102
TiO2,mace,so3,0,1.0499999999999998,2.088677406311035,0.0,102
TiO2,mace,so3,0,1.0999999999999999,2.160677194595337,0.0,102
TiO2,mace,so3,0,1.15,2.230175495147705,0.0,102
TiO2,mace,so3,0,1.2,2.2972018718719482,0.0,102
TiO2,mace,so3,1,0.0,0.14250795543193817,0.0,136
TiO2,mace,so3,1,0.001,0.14251762628555298,0.0,102
TiO2,mace,so3,1,0.0017492711874398425,0.14253544807434082,0.0,102
TiO2,mace,so3,1,0.0030599496872071963,0.14259298145771027,0.0,102
TiO2,mace,so3,1,0.005352681822847106,0.14276616275310516,0.0,102
TiO2,mace,so3,1,0.009363292088239416,0.14329420030117035,0.0,102
TiO2,mace,so3,1,0.016378937069540637,0.1449013352394104,0.0,102
TiO2,mace,so3,1,0.028651202696637804,0.14970913529396057,0.0,102
TiO2,mace,so3,1,0.05,0.16344541311264038,0.0,102
TiO2,mace,so3,1,0.05011872336272722,0.1635371595621109,0.0,102
TiO2,mace,so3,1,0.1,0.2141752988100052,0.0,102
TiO2,mace,so3,1,0.15,0.27856573462486267,0.0,102
TiO2,mace,so3,1,0.2,0.34871920943260193,0.0,102
TiO2,mace,so3,1,0.25,0.4212814271450043,0.0,102
TiO2,mace,so3,1,0.3,0.4946858584880829,0.0,102
TiO2,mace,so3,1,0.35,0.5680701732635498,0.0,102
TiO2,mace,so3,1,0.39999999999999997,0.6409050822257996,0.0,102
TiO2,mace,so3,1,0.44999999999999996,0.7128300070762634,0.0,102
TiO2,mace,so3,1,0.49999999999999994,0.7835735082626343,0.0,102
TiO2,mace,so3,1,0.5499999999999999,0.852931559085846,0.0,102
TiO2,mace,so3,1,0.6,0.9207363128662109,0.0,102
TiO2,mace,so3,1,0.65,0.9868648052215576,0.0,102
TiO2,mace,so3,1,0.7,1.0512136220932007,0.0,102
TiO2,mace,so3,1,0.75,1.1137094497680664,0.0,102
TiO2,mace,so3,1,0.7999999999999999,1.1742993593215942,0.0,102
TiO2,mace,so3,1,0.85,1.2329519987106323,0.0,102
TiO2,mace,so3,1,0.9,1.289659023284912,0.0,102
TiO2,mace,so3,1,0.95,1.3444238901138306,0.0,102
TiO2,mace,so3,1,1.0,1.3972699642181396,0.0,102
TiO2,mace,so3,1,1.0499999999999998,1.4482282400131226,0.0,102
TiO2,mace,so3,1,1.0999999999999999,1.497342824935913,0.0,102
TiO2,mace,so3,1,1.15,1.5446672439575195,0.0,102
TiO2,mace,so3,1,1.2,1.5902634859085083,0.0,102
TiO2,mace,so3,2,0.0,0.041298191994428635,0.0,136
TiO2,mace,so3,2,0.001,0.041306234896183014,0.0,102
TiO2,mace,so3,2,0.0017492711874398425,0.04132286459207535,0.0,102
TiO2,mace,so3,2,0.0030599496872071963,0.04137367010116577,0.0,102
TiO2,mace,so3,2,0.005352681822847106,0.041528984904289246,0.0,102
TiO2,mace,so3,2,0.009363292088239416,0.04200126603245735,0.0,102
TiO2,mace,so3,2,0.016378937069540637,0.04341341555118561,0.0,102
TiO2,mace,so3,2,0.028651202696637804,0.04747648164629936,0.0,102
TiO2,mace,so3,2,0.05,0.058115750551223755,0.0,102
TiO2,mace,so3,2,0.05011872336272722,0.058184634894132614,0.0,102
TiO2,mace,so3,2,0.1,0.09176093339920044,0.0,102
TiO2,mace,so3,2,0.15,0.13004742562770844,0.0,102
TiO2,mace,so3,2,0.2,0.17025256156921387,0.0,102
TiO2,mace,so3,2,0.25,0.21171621978282928,0.0,102
TiO2,mace,so3,2,0.3,0.25427716970443726,0.0,102
TiO2,mace,so3,2,0.35,0.2979320287704468,0.0,102
TiO2,mace,so3,2,0.39999999999999997,0.34273308515548706,0.0,102
TiO2,mace,so3,2,0.44999999999999996,0.38874560594558716,0.0,102
TiO2,mace,so3,2,0.49999999999999994,0.43603816628456116,0.0,102
TiO2,mace,so3,2,0.5499999999999999,0.48467227816581726,0.0,102
TiO2,mace,so3,2,0.6,0.5346909165382385,0.0,102
TiO2,mace,so3,2,0.65,0.5861261487007141,0.0,102
TiO2,mace,so3,2,0.7,0.6389880180358887,0.0,102
TiO2,mace,so3,2,0.75,0.6932681202888489,0.0,102
TiO2,mace,so3,2,0.7999999999999999,0.7489402890205383,0.0,102
TiO2,mace,so3,2,0.85,0.8059564232826233,0.0,102
TiO2,mace,so3,2,0.9,0.8642439246177673,0.0,102
TiO2,mace,so3,2,0.95,0.9237154722213745,0.0,102
TiO2,mace,so3,2,1.0,0.9842630624771118,0.0,102
TiO2,mace,so3,2,1.0499999999999998,1.0457592010498047,0.0,102
TiO2,mace,so3,2,1.0999999999999999,1.1080623865127563,0.0,102
TiO2,mace,so3,2,1.15,1.1710141897201538,0.0,102
TiO2,mace,so3,2,1.2,1.234445333480835,0.0,102
BaTiO3,mace,o3,0,0.0,1.0866422428534861e-07,0.0,221
BaTiO3,mace,o3,0,0.001,0.0036980195436626673,0.0,99
BaTiO3,mace,o3,0,0.0017492711874398425,0.006462122313678265,0.0,99
BaTiO3,mace,o3,0,0.0030599496872071963,0.011308959685266018,0.0,99
BaTiO3,mace,o3,0,0.005352681822847106,0.0197735782712698,0.0,99
BaTiO3,mace,o3,0,0.009363292088239416,0.03458983451128006,0.0,99
BaTiO3,mace,o3,0,0.016378937069540637,0.06050088256597519,0.0,99
BaTiO3,mace,o3,0,0.028651202696637804,0.10581830888986588,0.0,99
BaTiO3,mace,o3,0,0.05,0.18454843759536743,0.0,99
BaTiO3,mace,o3,0,0.05011872336272722,0.1849776953458786,0.0,99
BaTiO3,mace,o3,0,0.1,0.36807188391685486,0.0,99
BaTiO3,mace,o3,0,0.15,0.5495849847793579,0.0,99
BaTiO3,mace,o3,0,0.2,0.7281278371810913,0.0,99
BaTiO3,mace,o3,0,0.25,0.9028000235557556,0.0,99
BaTiO3,mace,o3,0,0.3,1.0727596282958984,0.0,99
BaTiO3,mace,o3,0,0.35,1.237271785736084,0.0,99
BaTiO3,mace,o3,0,0.39999999999999997,1.3956599235534668,0.0,99
BaTiO3,mace,o3,0,0.44999999999999996,1.5473968982696533,0.0,99
BaTiO3,mace,o3,0,0.49999999999999994,1.6920349597930908,0.0,99
BaTiO3,mace,o3,0,0.5499999999999999,1.829236388206482,0.0,99
BaTiO3,mace,o3,0,0.6,1.9587993621826172,0.0,99
BaTiO3,mace,o3,0,0.65,2.0805914402008057,0.0,99
BaTiO3,mace,o3,0,0.7,2.1946280002593994,0.0,99
BaTiO3,mace,o3,0,0.75,2.3010001182556152,0.0,99
BaTiO3,mace,o3,0,0.7999999999999999,2.3999009132385254,0.0,99
BaTiO3,mace,o3,0,0.85,2.4915859699249268,0.0,99
BaTiO3,mace,o3,0,0.9,2.576399087905884,0.0,99
BaTiO3,mace,o3,0,0.95,2.654731512069702,0.0,99
BaTiO3,mace,o3,0,1.0,2.7270278930664062,0.0,99
BaTiO3,mace,o3,0,1.0499999999999998,2.7937638759613037,0.0,99
BaTiO3,mace,o3,0,1.0999999999999999,2.8554177284240723,0.0,99
BaTiO3,mace,o3,0,1.15,2.9124915599823,0.0,99
BaTiO3,mace,o3,0,1.2,2.96547532081604,0.0,99
BaTiO3,mace,o3,1,0.0,1.3359391459744074e-07,0.0,221
BaTiO3,mace,o3,1,0.001,0.003031151369214058,0.0,99
BaTiO3,mace,o3,1,0.0017492711874398425,0.005299559328705072,0.0,99
BaTiO3,mace,o3,1,0.0030599496872071963,0.009269695729017258,0.0,99
BaTiO3,mace,o3,1,0.005352681822847106,0.016213079914450645,0.0,99
BaTiO3,mace,o3,1,0.009363292088239416,0.028362255543470383,0.0,99
BaTiO3,mace,o3,1,0.016378937069540637,0.04960891231894493,0.0,99
BaTiO3,mace,o3,1,0.028651202696637804,0.08677063882350922,0.0,99
BaTiO3,mace,o3,1,0.05,0.15135325491428375,0.0,99
BaTiO3,mace,o3,1,0.05011872336272722,0.1517036110162735,0.0,99
BaTiO3,mace,o3,1,0.1,0.30204886198043823,0.0,99
BaTiO3,mace,o3,1,0.15,0.45145371556282043,0.0,99
BaTiO3,mace,o3,1,0.2,0.598953127861023,0.0,99
BaTiO3,mace,o3,1,0.25,0.7439519762992859,0.0,99
BaTiO3,mace,o3,1,0.3,0.8858845233917236,0.0,99
BaTiO3,mace,o3,1,0.35,1.024226188659668,0.0,99
BaTiO3,mace,o3,1,0.39999999999999997,1.1585079431533813,0.0,99
BaTiO3,mace,o3,1,0.44999999999999996,1.288301706314087,0.0,99
BaTiO3,mace,o3,1,0.49999999999999994,1.4132428169250488,0.0,99
BaTiO3,mace,o3,1,0.5499999999999999,1.5330040454864502,0.0,99
BaTiO3,mace,o3,1,0.6,1.6473329067230225,0.0,99
BaTiO3,mace,o3,1,0.65,1.7560065984725952,0.0,99
BaTiO3,mace,o3,1,0.7,1.8588871955871582,0.0,99
BaTiO3,mace,o3,1,0.75,1.9558569192886353,0.0,99
BaTiO3,mace,o3,1,0.7999999999999999,2.0468742847442627,0.0,99
BaTiO3,mace,o3,1,0.85,2.131925106048584,0.0,99
BaTiO3,mace,o3,1,0.9,2.2110373973846436,0.0,99
BaTiO3,mace,o3,1,0.95,2.2842905521392822,0.0,99
BaTiO3,mace,o3,1,1.0,2.3517942428588867,0.0,99
BaTiO3,mace,o3,1,1.0499999999999998,2.413691997528076,0.0,99
BaTiO3,mace,o3,1,1.0999999999999999,2.470153570175171,0.0,99
BaTiO3,mace,o3,1,1.15,2.52138352394104,0.0,99
BaTiO3,mace,o3,1,1.2,2.5676002502441406,0.0,99
BaTiO3,mace,o3,2,0.0,1.1441938596590262e-07,0.0,221
BaTiO3,mace,o3,2,0.001,0.003934046719223261,0.0,99
BaTiO3,mace,o3,2,0.0017492711874398425,0.006879823748022318,0.0,99
BaTiO3,mace,o3,2,0.0030599496872071963,0.012031542137265205,0.0,99
BaTiO3,mace,o3,2,0.005352681822847106,0.021043678745627403,0.0,99
BaTiO3,mace,o3,2,0.009363292088239416,0.03681708499789238,0.0,99
BaTiO3,mace,o3,2,0.016378937069540637,0.0643983706831932,0.0,99
BaTiO3,mace,o3,2,0.028651202696637804,0.11262237280607224,0.0,99
BaTiO3,mace,o3,2,0.05,0.19636592268943787,0.0,99
BaTiO3,mace,o3,2,0.05011872336272722,0.19682006537914276,0.0,99
BaTiO3,mace,o3,2,0.1,0.39122799038887024,0.0,99
BaTiO3,mace,o3,2,0.15,0.583126425743103,0.0,99
BaTiO3,mace,o3,2,0.2,0.7706966400146484,0.0,99
BaTiO3,mace,o3,2,0.25,0.9526908993721008,0.0,99
BaTiO3,mace,o3,2,0.3,1.1279867887496948,0.0,99
BaTiO3,mace,o3,2,0.35,1.2956434488296509,0.0,99
BaTiO3,mace,o3,2,0.39999999999999997,1.4549176692962646,0.0,99
BaTiO3,mace,o3,2,0.44999999999999996,1.6052922010421753,0.0,99
BaTiO3,mace,o3,2,0.49999999999999994,1.746425986289978,0.0,99
BaTiO3,mace,o3,2,0.5499999999999999,1.878217339515686,0.0,99
BaTiO3,mace,o3,2,0.6,2.0007565021514893,0.0,99
BaTiO3,mace,o3,2,0.65,2.114284038543701,0.0,99
BaTiO3,mace,o3,2,0.7,2.2192933559417725,0.0,99
BaTiO3,mace,o3,2,0.75,2.316344738006592,0.0,99
BaTiO3,mace,o3,2,0.7999999999999999,2.406172037124634,0.0,99
BaTiO3,mace,o3,2,0.85,2.4895496368408203,0.0,99
BaTiO3,mace,o3,2,0.9,2.5673227310180664,0.0,99
BaTiO3,mace,o3,2,0.95,2.640357255935669,0.0,99
BaTiO3,mace,o3,2,1.0,2.709489107131958,0.0,99
BaTiO3,mace,o3,2,1.0499999999999998,2.77549409866333,0.0,99
BaTiO3,mace,o3,2,1.0999999999999999,2.8390657901763916,0.0,99
BaTiO3,mace,o3,2,1.15,2.900766611099243,0.0,99
BaTiO3,mace,o3,2,1.2,2.9610402584075928,0.0,99
BaTiO3,mace,so3,0,0.0,1.1747170702847143e-07,0.0,221
BaTiO3,mace,so3,0,0.001,0.004496388137340546,0.0,99
BaTiO3,mace,so3,0,0.0017492711874398425,0.007858584634959698,0.0,99
BaTiO3,mace,so3,0,0.0030599496872071963,0.01374990027397871,0.0,99
BaTiO3,mace,so3,0,0.005352681822847106,0.02404629997909069,0.0,99
BaTiO3,mace,so3,0,0.009363292088239416,0.042067620903253555,0.0,99
BaTiO3,mace,so3,0,0.016378937069540637,0.07357453554868698,0.0,99
BaTiO3,mace,so3,0,0.028651202696637804,0.1286509782075882,0.0,99
BaTiO3,mace,so3,0,0.05,0.22422176599502563,0.0,99
BaTiO3,mace,so3,0,0.05011872336272722,0.224744513630867,0.0,99
BaTiO3,mace,so3,0,0.1,0.4458548128604889,0.0,99
BaTiO3,mace,so3,0,0.15,0.6623861789703369,0.0,99
BaTiO3,mace,so3,0,0.2,0.871431827545166,0.0,99
BaTiO3,mace,so3,0,0.25,1.0708125829696655,0.0,99
BaTiO3,mace,so3,0,0.3,1.2586270570755005,0.0,99
BaTiO3,mace,so3,0,0.35,1.4333268404006958,0.0,99
BaTiO3,mace,so3,0,0.39999999999999997,1.5937914848327637,0.0,99
BaTiO3,mace,so3,0,0.44999999999999996,1.7393983602523804,0.0,99
BaTiO3,mace,so3,0,0.49999999999999994,1.8699957132339478,0.0,99
BaTiO3,mace,so3,0,0.5499999999999999,1.9859378337860107,0.0,99
BaTiO3,mace,so3,0,0.6,2.088073492050171,0.0,99
BaTiO3,mace,so3,0,0.65,2.177631378173828,0.0,99
BaTiO3,mace,so3,0,0.7,2.2562618255615234,0.0,99
BaTiO3,mace,so3,0,0.75,2.325845241546631,0.0,99
BaTiO3,mace,so3,0,0.7999999999999999,2.388485908508301,0.0,99
BaTiO3,mace,so3,0,0.85,2.446340799331665,0.0,99
BaTiO3,mace,so3,0,0.9,2.501577377319336,0.0,99
BaTiO3,mace,so3,0,0.95,2.5562381744384766,0.0,99
BaTiO3,mace,so3,0,1.0,2.6121671199798584,0.0,99
BaTiO3,mace,so3,0,1.0499999999999998,2.6709201335906982,0.0,99
BaTiO3,mace,so3,0,1.0999999999999999,2.7337093353271484,0.0,99
BaTiO3,mace,so3,0,1.15,2.8013696670532227,0.0,99
BaTiO3,mace,so3,0,1.2,2.874354839324951,0.0,99
BaTiO3,mace,so3,1,0.0,1.0164425390257747e-07,0.0,221
BaTiO3,mace,so3,1,0.001,0.003052269574254751,0.0,99
BaTiO3,mace,so3,1,0.0017492711874398425,0.005335349123924971,0.0,99
BaTiO3,mace,so3,1,0.0030599496872071963,0.009334872476756573,0.0,99
BaTiO3,mace,so3,1,0.005352681822847106,0.016326263546943665,0.0,99
BaTiO3,mace,so3,1,0.009363292088239416,0.028560951352119446,0.0,99
BaTiO3,mace,so3,1,0.016378937069540637,0.049955107271671295,0.0,99
BaTiO3,mace,so3,1,0.028651202696637804,0.08737047016620636,0.0,99
BaTiO3,mace,so3,1,0.05,0.152380108833313,0.0,99
BaTiO3,mace,so3,1,0.05011872336272722,0.15273451805114746,0.0,99
BaTiO3,mace,so3,1,0.1,0.30393511056900024,0.0,99
BaTiO3,mace,so3,1,0.15,0.4538598954677582,0.0,99
BaTiO3,mace,so3,1,0.2,0.6013833284378052,0.0,99
BaTiO3,mace,so3,1,0.25,0.7457623481750488,0.0,99
BaTiO3,mace,so3,1,0.3,0.8863113522529602,0.0,99
BaTiO3,mace,so3,1,0.35,1.0224052667617798,0.0,99
BaTiO3,mace,so3,1,0.39999999999999997,1.1535097360610962,0.0,99
BaTiO3,mace,so3,1,0.44999999999999996,1.279194951057434,0.0,99
BaTiO3,mace,so3,1,0.49999999999999994,1.3991281986236572,0.0,99
BaTiO3,mace,so3,1,0.5499999999999999,1.5130970478057861,0.0,99
BaTiO3,mace,so3,1,0.6,1.6210342645645142,0.0,99
BaTiO3,mace,so3,1,0.65,1.7229679822921753,0.0,99
BaTiO3,mace,so3,1,0.7,1.8191026449203491,0.0,99
BaTiO3,mace,so3,1,0.75,1.9097228050231934,0.0,99
BaTiO3,mace,so3,1,0.7999999999999999,1.995258092880249,0.0,99
BaTiO3,mace,so3,1,0.85,2.076202392578125,0.0,99
BaTiO3,mace,so3,1,0.9,2.153134822845459,0.0,99
BaTiO3,mace,so3,1,0.95,2.2266881465911865,0.0,99
BaTiO3,mace,so3,1,1.0,2.2975175380706787,0.0,99
BaTiO3,mace,so3,1,1.0499999999999998,2.3662896156311035,0.0,99
BaTiO3,mace,so3,1,1.0999999999999999,2.433645725250244,0.0,99
BaTiO3,mace,so3,1,1.15,2.5002007484436035,0.0,99
BaTiO3,mace,so3,1,1.2,2.5665102005004883,0.0,99
BaTiO3,mace,so3,2,0.0,1.4392939817753359e-07,0.0,221
BaTiO3,mace,so3,2,0.001,0.003273205365985632,0.0,99
BaTiO3,mace,so3,2,0.0017492711874398425,0.00571958115324378,0.0,99
BaTiO3,mace,so3,2,0.0030599496872071963,0.010007324628531933,0.0,99
BaTiO3,mace,so3,2,0.005352681822847106,0.01750495657324791,0.0,99
BaTiO3,mace,so3,2,0.009363292088239416,0.030623432248830795,0.0,99
BaTiO3,mace,so3,2,0.016378937069540637,0.0535636842250824,0.0,99
BaTiO3,mace,so3,2,0.028651202696637804,0.0936758741736412,0.0,99
BaTiO3,mace,so3,2,0.05,0.1633574366569519,0.0,99
BaTiO3,mace,so3,2,0.05011872336272722,0.1637391448020935,0.0,99
BaTiO3,mace,so3,2,0.1,0.3256610333919525,0.0,99
BaTiO3,mace,so3,2,0.15,0.4858786463737488,0.0,99
BaTiO3,mace,so3,2,0.2,0.6430274248123169,0.0,99
BaTiO3,mace,so3,2,0.25,0.7961757183074951,0.0,99
BaTiO3,mace,so3,2,0.3,0.9444661140441895,0.0,99
BaTiO3,mace,so3,2,0.35,1.0871284008026123,0.0,99
BaTiO3,mace,so3,2,0.39999999999999997,1.2235125303268433,0.0,99
BaTiO3,mace,so3,2,0.44999999999999996,1.3530844449996948,0.0,99
BaTiO3,mace,so3,2,0.49999999999999994,1.4754416942596436,0.0,99
BaTiO3,mace,so3,2,0.5499999999999999,1.5903067588806152,0.0,99
BaTiO3,mace,so3,2,0.6,1.6975593566894531,0.0,99
BaTiO3,mace,so3,2,0.65,1.7971842288970947,0.0,99
BaTiO3,mace,so3,2,0.7,1.889341115951538,0.0,99
BaTiO3,mace,so3,2,0.75,1.9742721319198608,0.0,99
BaTiO3,mace,so3,2,0.7999999999999999,2.0523552894592285,0.0,99
BaTiO3,mace,so3,2,0.85,2.124040365219116,0.0,99
BaTiO3,mace,so3,2,0.9,2.189859390258789,0.0,99
BaTiO3,mace,so3,2,0.95,2.250385284423828,0.0,99
BaTiO3,mace,so3,2,1.0,2.306217670440674,0.0,99
BaTiO3,mace,so3,2,1.0499999999999998,2.3579537868499756,0.0,99
BaTiO3,mace,so3,2,1.0999999999999999,2.406163215637207,0.0,99
BaTiO3,mace,so3,2,1.15,2.45135498046875,0.0,99
BaTiO3,mace,so3,2,1.2,2.4939751625061035,0.0,99
PbTiO3,mace,o3,0,0.0,1.266671887378834e-07,0.0,221
PbTiO3,mace,o3,0,0.001,0.0028636783827096224,0.0,99
PbTiO3,mace,o3,0,0.0017492711874398425,0.0050176274962723255,0.0,99
PbTiO3,mace,o3,0,0.0030599496872071963,0.008767647668719292,0.0,99
PbTiO3,mace,o3,0,0.005352681822847106,0.015336849726736546,0.0,99
PbTiO3,mace,o3,0,0.009363292088239416,0.026830462738871574,0.0,99
PbTiO3,mace,o3,0,0.016378937069540637,0.046931345015764236,0.0,99
PbTiO3,mace,o3,0,0.028651202696637804,0.0820782408118248,0.0,99
PbTiO3,mace,o3,0,0.05,0.14314889907836914,0.0,99
PbTiO3,mace,o3,0,0.05011872336272722,0.1434948593378067,0.0,99
PbTiO3,mace,o3,0,0.1,0.28556352853775024,0.0,99
PbTiO3,mace,o3,0,0.15,0.42649662494659424,0.0,99
PbTiO3,mace,o3,0,0.2,0.5652464628219604,0.0,99
PbTiO3,mace,o3,0,0.25,0.7011173963546753,0.0,99
PbTiO3,mace,o3,0,0.3,0.8334800004959106,0.0,99
PbTiO3,mace,o3,0,0.35,0.9617409706115723,0.0,99
PbTiO3,mace,o3,0,0.39999999999999997,1.0853372812271118,0.0,99
PbTiO3,mace,o3,0,0.44999999999999996,1.2037824392318726,0.0,99
PbTiO3,mace,o3,0,0.49999999999999994,1.3166530132293701,0.0,99
PbTiO3,mace,o3,0,0.5499999999999999,1.4235775470733643,0.0,99
PbTiO3,mace,o3,0,0.6,1.5242503881454468,0.0,99
PbTiO3,mace,o3,0,0.65,1.6184319257736206,0.0,99
PbTiO3,mace,o3,0,0.7,1.7059309482574463,0.0,99
PbTiO3,mace,o3,0,0.75,1.7866405248641968,0.0,99
PbTiO3,mace,o3,0,0.7999999999999999,1.8604860305786133,0.0,99
PbTiO3,mace,o3,0,0.85,1.9274641275405884,0.0,99
PbTiO3,mace,o3,0,0.9,1.9876267910003662,0.0,99
PbTiO3,mace,o3,0,0.95,2.041064739227295,0.0,99
PbTiO3,mace,o3,0,1.0,2.0879108905792236,0.0,99
PbTiO3,mace,o3,0,1.0499999999999998,2.128338098526001,0.0,99
PbTiO3,mace,o3,0,1.0999999999999999,2.1625592708587646,0.0,99
PbTiO3,mace,o3,0,1.15,2.1908187866210938,0.0,99
PbTiO3,mace,o3,0,1.2,2.213366985321045,0.0,99
PbTiO3,mace,o3,1,0.0,6.391473306166517e-08,0.0,221
PbTiO3,mace,o3,1,0.001,0.002007893053814769,0.0,99
PbTiO3,mace,o3,1,0.0017492711874398425,0.003520479891449213,0.0,99
PbTiO3,mace,o3,1,0.0030599496872071963,0.006148950196802616,0.0,99
PbTiO3,mace,o3,1,0.005352681822847106,0.01075769867748022,0.0,99
PbTiO3,mace,o3,1,0.009363292088239416,0.018820062279701233,0.0,99
PbTiO3,mace,o3,1,0.016378937069540637,0.032920319586992264,0.0,99
PbTiO3,mace,o3,1,0.028651202696637804,0.05757516250014305,0.0,99
PbTiO3,mace,o3,1,0.05,0.1004192903637886,0.0,99
PbTiO3,mace,o3,1,0.05011872336272722,0.1006641611456871,0.0,99
PbTiO3,mace,o3,1,0.1,0.20037442445755005,0.0,99
PbTiO3,mace,o3,1,0.15,0.29938554763793945,0.0,99
PbTiO3,mace,o3,1,0.2,0.3970010578632355,0.0,99
PbTiO3,mace,o3,1,0.25,0.49277859926223755,0.0,99
PbTiO3,mace,o3,1,0.3,0.5863122940063477,0.0,99
PbTiO3,mace,o3,1,0.35,0.6772179007530212,0.0,99
PbTiO3,mace,o3,1,0.39999999999999997,0.7651247978210449,0.0,99
PbTiO3,mace,o3,1,0.44999999999999996,0.8497125506401062,0.0,99
PbTiO3,mace,o3,1,0.49999999999999994,0.9307008385658264,0.0,99
PbTiO3,mace,o3,1,0.5499999999999999,1.0078389644622803,0.0,99
PbTiO3,mace,o3,1,0.6,1.080910325050354,0.0,99
PbTiO3,mace,o3,1,0.65,1.1497514247894287,0.0,99
PbTiO3,mace,o3,1,0.7,1.2142163515090942,0.0,99
PbTiO3,mace,o3,1,0.75,1.2742204666137695,0.0,99
PbTiO3,mace,o3,1,0.7999999999999999,1.3296958208084106,0.0,99
PbTiO3,mace,o3,1,0.85,1.3806174993515015,0.0,99
PbTiO3,mace,o3,1,0.9,1.4270039796829224,0.0,99
PbTiO3,mace,o3,1,0.95,1.468899130821228,0.0,99
PbTiO3,mace,o3,1,1.0,1.5063732862472534,0.0,99
PbTiO3,mace,o3,1,1.0499999999999998,1.5395368337631226,0.0,99
PbTiO3,mace,o3,1,1.0999999999999999,1.5685303211212158,0.0,99
PbTiO3,mace,o3,1,1.15,1.593505859375,0.0,99
PbTiO3,mace,o3,1,1.2,1.61465585231781,0.0,99
PbTiO3,mace,o3,2,0.0,1.4843634232875047e-07,0.0,221
PbTiO3,mace,o3,2,0.001,0.002361327176913619,0.0,99
PbTiO3,mace,o3,2,0.0017492711874398425,0.004145341459661722,0.0,99
PbTiO3,mace,o3,2,0.0030599496872071963,0.007241048850119114,0.0,99
PbTiO3,mace,o3,2,0.005352681822847106,0.01266682893037796,0.0,99
PbTiO3,mace,o3,2,0.009363292088239416,0.022163566201925278,0.0,99
PbTiO3,mace,o3,2,0.016378937069540637,0.03876664489507675,0.0,99
PbTiO3,mace,o3,2,0.028651202696637804,0.06780048459768295,0.0,99
PbTiO3,mace,o3,2,0.05,0.11823904514312744,0.0,99
PbTiO3,mace,o3,2,0.05011872336272722,0.11852331459522247,0.0,99
PbTiO3,mace,o3,2,0.1,0.2358408421278,0.0,99
PbTiO3,mace,o3,2,0.15,0.3521738052368164,0.0,99
PbTiO3,mace,o3,2,0.2,0.4666593670845032,0.0,99
PbTiO3,mace,o3,2,0.25,0.5787871479988098,0.0,99
PbTiO3,mace,o3,2,0.3,0.6881358623504639,0.0,99
PbTiO3,mace,o3,2,0.35,0.7943816184997559,0.0,99
PbTiO3,mace,o3,2,0.39999999999999997,0.8972752690315247,0.0,99
PbTiO3,mace,o3,2,0.44999999999999996,0.9967118501663208,0.0,99
PbTiO3,mace,o3,2,0.49999999999999994,1.0926746129989624,0.0,99
PbTiO3,mace,o3,2,0.5499999999999999,1.1852543354034424,0.0,99
PbTiO3,mace,o3,2,0.6,1.2746219635009766,0.0,99
PbTiO3,mace,o3,2,0.65,1.3610386848449707,0.0,99
PbTiO3,mace,o3,2,0.7,1.4448102712631226,0.0,99
PbTiO3,mace,o3,2,0.75,1.5263011455535889,0.0,99
PbTiO3,mace,o3,2,0.7999999999999999,1.6058810949325562,0.0,99
PbTiO3,mace,o3,2,0.85,1.6839333772659302,0.0,99
PbTiO3,mace,o3,2,0.9,1.7608280181884766,0.0,99
PbTiO3,mace,o3,2,0.95,1.836904764175415,0.0,99
PbTiO3,mace,o3,2,1.0,1.9124512672424316,0.0,99
PbTiO3,mace,o3,2,1.0499999999999998,1.9876985549926758,0.0,99
PbTiO3,mace,o3,2,1.0999999999999999,2.0628230571746826,0.0,99
PbTiO3,mace,o3,2,1.15,2.137923002243042,0.0,99
PbTiO3,mace,o3,2,1.2,2.2130324840545654,0.0,99
PbTiO3,mace,so3,0,0.0,1.8372131194155372e-07,0.0,221
PbTiO3,mace,so3,0,0.001,0.0019245898583903909,0.0,99
PbTiO3,mace,so3,0,0.0017492711874398425,0.0033770143054425716,0.0,99
PbTiO3,mace,so3,0,0.0030599496872071963,0.005896461196243763,0.0,99
PbTiO3,mace,so3,0,0.005352681822847106,0.01031446922570467,0.0,99
PbTiO3,mace,so3,0,0.009363292088239416,0.018044179305434227,0.0,99
PbTiO3,mace,so3,0,0.016378937069540637,0.03156662732362747,0.0,99
PbTiO3,mace,so3,0,0.028651202696637804,0.05520043894648552,0.0,99
PbTiO3,mace,so3,0,0.05,0.09624548256397247,0.0,99
PbTiO3,mace,so3,0,0.05011872336272722,0.0964808464050293,0.0,99
PbTiO3,mace,so3,0,0.1,0.19178743660449982,0.0,99
PbTiO3,mace,so3,0,0.15,0.28590700030326843,0.0,99
PbTiO3,mace,so3,0,0.2,0.37794947624206543,0.0,99
PbTiO3,mace,so3,0,0.25,0.4672943949699402,0.0,99
PbTiO3,mace,so3,0,0.3,0.553422212600708,0.0,99
PbTiO3,mace,so3,0,0.35,0.635908842086792,0.0,99
PbTiO3,mace,so3,0,0.39999999999999997,0.7144084572792053,0.0,99
PbTiO3,mace,so3,0,0.44999999999999996,0.7887369990348816,0.0,99
PbTiO3,mace,so3,0,0.49999999999999994,0.8588404059410095,0.0,99
PbTiO3,mace,so3,0,0.5499999999999999,0.9247915148735046,0.0,99
PbTiO3,mace,so3,0,0.6,0.9867749810218811,0.0,99
PbTiO3,mace,so3,0,0.65,1.0450931787490845,0.0,99
PbTiO3,mace,so3,0,0.7,1.1001179218292236,0.0,99
PbTiO3,mace,so3,0,0.75,1.1523023843765259,0.0,99
PbTiO3,mace,so3,0,0.7999999999999999,1.2021228075027466,0.0,99
PbTiO3,mace,so3,0,0.85,1.2500795125961304,0.0,99
PbTiO3,mace,so3,0,0.9,1.296682357788086,0.0,99
PbTiO3,mace,so3,0,0.95,1.3424134254455566,0.0,99
PbTiO3,mace,so3,0,1.0,1.387719988822937,0.0,99
PbTiO3,mace,so3,0,1.0499999999999998,1.433014154434204,0.0,99
PbTiO3,mace,so3,0,1.0999999999999999,1.4786688089370728,0.0,99
PbTiO3,mace,so3,0,1.15,1.5249886512756348,0.0,99
PbTiO3,mace,so3,0,1.2,1.572245478630066,0.0,99
PbTiO3,mace,so3,1,0.0,9.233794457941258e-07,0.0,221
PbTiO3,mace,so3,1,0.001,0.0018386720912531018,0.0,99
PbTiO3,mace,so3,1,0.0017492711874398425,0.0032224419992417097,0.0,99
PbTiO3,mace,so3,1,0.0030599496872071963,0.005636223591864109,0.0,99
PbTiO3,mace,so3,1,0.005352681822847106,0.009857135824859142,0.0,99
PbTiO3,mace,so3,1,0.009363292088239416,0.017243316397070885,0.0,99
PbTiO3,mace,so3,1,0.016378937069540637,0.03016219101846218,0.0,99
PbTiO3,mace,so3,1,0.028651202696637804,0.0527489148080349,0.0,99
PbTiO3,mace,so3,1,0.05,0.09199658781290054,0.0,99
PbTiO3,mace,so3,1,0.05011872336272722,0.09221840649843216,0.0,99
PbTiO3,mace,so3,1,0.1,0.1835254728794098,0.0,99
PbTiO3,mace,so3,1,0.15,0.2741047739982605,0.0,99
PbTiO3,mace,so3,1,0.2,0.3632707893848419,0.0,99
PbTiO3,mace,so3,1,0.25,0.4505506753921509,0.0,99
PbTiO3,mace,so3,1,0.3,0.5354927778244019,0.0,99
PbTiO3,mace,so3,1,0.35,0.6176645755767822,0.0,99
PbTiO3,mace,so3,1,0.39999999999999997,0.6966378688812256,0.0,99
PbTiO3,mace,so3,1,0.44999999999999996,0.7720531821250916,0.0,99
PbTiO3,mace,so3,1,0.49999999999999994,0.8435809016227722,0.0,99
PbTiO3,mace,so3,1,0.5499999999999999,0.9109654426574707,0.0,99
PbTiO3,mace,so3,1,0.6,0.9740195870399475,0.0,99
PbTiO3,mace,so3,1,0.65,1.032633662223816,0.0,99
PbTiO3,mace,so3,1,0.7,1.08678138256073,0.0,99
PbTiO3,mace,so3,1,0.75,1.1365193128585815,0.0,99
PbTiO3,mace,so3,1,0.7999999999999999,1.1819769144058228,0.0,99
PbTiO3,mace,so3,1,0.85,1.2233473062515259,0.0,99
PbTiO3,mace,so3,1,0.9,1.2608777284622192,0.0,99
PbTiO3,mace,so3,1,0.95,1.2948625087738037,0.0,99
PbTiO3,mace,so3,1,1.0,1.3256125450134277,0.0,99
PbTiO3,mace,so3,1,1.0499999999999998,1.3534493446350098,0.0,99
PbTiO3,mace,so3,1,1.0999999999999999,1.3787133693695068,0.0,99
PbTiO3,mace,so3,1,1.15,1.4017122983932495,0.0,99
PbTiO3,mace,so3,1,1.2,1.422773003578186,0.0,99
PbTiO3,mace,so3,2,0.0,8.77435240909108e-07,0.0,221
PbTiO3,mace,so3,2,0.001,0.0014799194177612662,0.0,99
PbTiO3,mace,so3,2,0.0017492711874398425,0.0025990258436650038,0.0,99
PbTiO3,mace,so3,2,0.0030599496872071963,0.004536180291324854,0.0,99
PbTiO3,mace,so3,2,0.005352681822847106,0.007935777306556702,0.0,99
PbTiO3,mace,so3,2,0.009363292088239416,0.013885006308555603,0.0,99
PbTiO3,mace,so3,2,0.016378937069540637,0.02428743988275528,0.0,99
PbTiO3,mace,so3,2,0.028651202696637804,0.04248139262199402,0.0,99
PbTiO3,mace,so3,2,0.05,0.07411026954650879,0.0,99
PbTiO3,mace,so3,2,0.05011872336272722,0.07429385930299759,0.0,99
PbTiO3,mace,so3,2,0.1,0.14808036386966705,0.0,99
PbTiO3,mace,so3,2,0.15,0.22174720466136932,0.0,99
PbTiO3,mace,so3,2,0.2,0.29499468207359314,0.0,99
PbTiO3,mace,so3,2,0.25,0.3677104711532593,0.0,99
PbTiO3,mace,so3,2,0.3,0.43983331322669983,0.0,99
PbTiO3,mace,so3,2,0.35,0.5113363265991211,0.0,99
PbTiO3,mace,so3,2,0.39999999999999997,0.5822012424468994,0.0,99
PbTiO3,mace,so3,2,0.44999999999999996,0.6524860262870789,0.0,99
PbTiO3,mace,so3,2,0.49999999999999994,0.7222849726676941,0.0,99
PbTiO3,mace,so3,2,0.5499999999999999,0.7917255163192749,0.0,99
PbTiO3,mace,so3,2,0.6,0.8609607815742493,0.0,99
PbTiO3,mace,so3,2,0.65,0.9301825165748596,0.0,99
PbTiO3,mace,so3,2,0.7,0.9995761513710022,0.0,99
PbTiO3,mace,so3,2,0.75,1.0693376064300537,0.0,99
PbTiO3,mace,so3,2,0.7999999999999999,1.1396247148513794,0.0,99
PbTiO3,mace,so3,2,0.85,1.2105724811553955,0.0,99
PbTiO3,mace,so3,2,0.9,1.2822543382644653,0.0,99
PbTiO3,mace,so3,2,0.95,1.3546861410140991,0.0,99
PbTiO3,mace,so3,2,1.0,1.4277878999710083,0.0,99
PbTiO3,mace,so3,2,1.0499999999999998,1.501402735710144,0.0,99
PbTiO3,mace,so3,2,1.0999999999999999,1.575294017791748,0.0,99
PbTiO3,mace,so3,2,1.15,1.649135947227478,0.0,99
PbTiO3,mace,so3,2,1.2,1.7225326299667358,0.0,99
